lat,lon,pi,zwd,n_stations
-85.000000,-180.000000,0.145450,9.520569,5.000000
-85.000000,-175.000000,0.145494,9.520569,5.000000
-85.000000,-170.000000,0.145534,9.520569,5.000000
-85.000000,-165.000000,0.145570,9.520569,5.000000
-85.000000,-160.000000,0.145603,9.520569,5.000000
-85.000000,-155.000000,0.145632,9.520569,5.000000
-85.000000,-150.000000,0.145657,9.520569,5.000000
-85.000000,-145.000000,0.145679,9.520569,5.000000
-85.000000,-140.000000,0.145518,9.101787,5.000000
-85.000000,-135.000000,0.145536,9.101787,5.000000
-85.000000,-130.000000,0.145444,9.101787,5.000000
-85.000000,-125.000000,0.145456,9.101787,5.000000
-85.000000,-120.000000,0.145465,9.101787,5.000000
-85.000000,-115.000000,0.145472,9.101787,5.000000
-85.000000,-110.000000,0.145476,9.101787,5.000000
-85.000000,-105.000000,0.145477,9.101787,5.000000
-85.000000,-100.000000,0.145476,9.101787,5.000000
-85.000000,-95.000000,0.145429,9.101787,5.000000
-85.000000,-90.000000,0.145148,9.101787,5.000000
-85.000000,-85.000000,0.145138,9.101787,5.000000
-85.000000,-80.000000,0.145125,9.101787,5.000000
-85.000000,-75.000000,0.145109,9.101787,5.000000
-85.000000,-70.000000,0.145091,9.101787,5.000000
-85.000000,-65.000000,0.145071,9.101787,5.000000
-85.000000,-60.000000,0.145049,9.101787,5.000000
-85.000000,-55.000000,0.145025,9.101787,5.000000
-85.000000,-50.000000,0.144247,9.101787,5.000000
-85.000000,-45.000000,0.144216,9.101787,5.000000
-85.000000,-40.000000,0.144185,9.101787,5.000000
-85.000000,-35.000000,0.144152,9.101787,5.000000
-85.000000,-30.000000,0.144118,9.101787,5.000000
-85.000000,-25.000000,0.144083,9.101787,5.000000
-85.000000,-20.000000,0.144047,9.101787,5.000000
-85.000000,-15.000000,0.144010,9.101787,5.000000
-85.000000,-10.000000,0.143972,9.101787,5.000000
-85.000000,-5.000000,0.143933,9.101787,5.000000
-85.000000,0.000000,0.143892,9.101787,5.000000
-85.000000,5.000000,0.143850,9.101787,5.000000
-85.000000,10.000000,0.143807,9.101787,5.000000
-85.000000,15.000000,0.143763,9.101787,5.000000
-85.000000,20.000000,0.143718,9.101787,5.000000
-85.000000,25.000000,0.143672,9.101787,5.000000
-85.000000,30.000000,0.143888,9.101787,5.000000
-85.000000,35.000000,0.144800,9.101787,5.000000
-85.000000,40.000000,0.144761,9.101787,5.000000
-85.000000,45.000000,0.144723,9.101787,5.000000
-85.000000,50.000000,0.144802,9.138782,5.000000
-85.000000,55.000000,0.144824,9.138782,5.000000
-85.000000,60.000000,0.144847,9.138782,5.000000
-85.000000,65.000000,0.144818,9.138782,5.000000
-85.000000,70.000000,0.144792,9.138782,5.000000
-85.000000,75.000000,0.144770,9.138782,5.000000
-85.000000,80.000000,0.144281,9.138782,5.000000
-85.000000,85.000000,0.144267,9.138782,5.000000
-85.000000,90.000000,0.144259,9.138782,5.000000
-85.000000,95.000000,0.144256,9.138782,5.000000
-85.000000,100.000000,0.144260,9.138782,5.000000
-85.000000,105.000000,0.144271,9.138782,5.000000
-85.000000,110.000000,0.144289,9.138782,5.000000
-85.000000,115.000000,0.144258,9.138782,5.000000
-85.000000,120.000000,0.145249,10.071835,5.000000
-85.000000,125.000000,0.145284,10.071835,5.000000
-85.000000,130.000000,0.145269,10.071835,5.000000
-85.000000,135.000000,0.145314,10.071835,5.000000
-85.000000,140.000000,0.144515,9.520569,5.000000
-85.000000,145.000000,0.144572,9.520569,5.000000
-85.000000,150.000000,0.144630,9.520569,5.000000
-85.000000,155.000000,0.144690,9.520569,5.000000
-85.000000,160.000000,0.144749,9.520569,5.000000
-85.000000,165.000000,0.144808,9.520569,5.000000
-85.000000,170.000000,0.144864,9.520569,5.000000
-85.000000,175.000000,0.145402,9.520569,5.000000
-80.000000,-180.000000,0.146457,10.355412,5.000000
-80.000000,-175.000000,0.146495,10.355412,5.000000
-80.000000,-170.000000,0.144986,9.520569,5.000000
-80.000000,-165.000000,0.145025,9.520569,5.000000
-80.000000,-160.000000,0.145061,9.520569,5.000000
-80.000000,-155.000000,0.145092,9.520569,5.000000
-80.000000,-150.000000,0.145589,9.520569,5.000000
-80.000000,-145.000000,0.145611,9.520569,5.000000
-80.000000,-140.000000,0.145630,9.520569,5.000000
-80.000000,-135.000000,0.145646,9.520569,5.000000
-80.000000,-130.000000,0.145567,9.520569,5.000000
-80.000000,-125.000000,0.145389,9.101787,5.000000
-80.000000,-120.000000,0.145398,9.101787,5.000000
-80.000000,-115.000000,0.145405,9.101787,5.000000
-80.000000,-110.000000,0.145409,9.101787,5.000000
-80.000000,-105.000000,0.145142,9.101787,5.000000
-80.000000,-100.000000,0.145095,9.101787,5.000000
-80.000000,-95.000000,0.145091,9.101787,5.000000
-80.000000,-90.000000,0.145086,9.101787,5.000000
-80.000000,-85.000000,0.145078,9.101787,5.000000
-80.000000,-80.000000,0.145067,9.101787,5.000000
-80.000000,-75.000000,0.144308,9.101787,5.000000
-80.000000,-70.000000,0.144291,9.101787,5.000000
-80.000000,-65.000000,0.144272,9.101787,5.000000
-80.000000,-60.000000,0.144251,9.101787,5.000000
-80.000000,-55.000000,0.144228,9.101787,5.000000
-80.000000,-50.000000,0.144203,9.101787,5.000000
-80.000000,-45.000000,0.144177,9.101787,5.000000
-80.000000,-40.000000,0.144150,9.101787,5.000000
-80.000000,-35.000000,0.144121,9.101787,5.000000
-80.000000,-30.000000,0.144091,9.101787,5.000000
-80.000000,-25.000000,0.144060,9.101787,5.000000
-80.000000,-20.000000,0.145046,11.396644,5.000000
-80.000000,-15.000000,0.145015,11.396644,5.000000
-80.000000,-10.000000,0.144296,11.396644,5.000000
-80.000000,-5.000000,0.144260,11.396644,5.000000
-80.000000,0.000000,0.145757,12.249075,5.000000
-80.000000,5.000000,0.145724,12.249075,5.000000
-80.000000,10.000000,0.145802,12.249075,5.000000
-80.000000,15.000000,0.145768,12.249075,5.000000
-80.000000,20.000000,0.145733,12.249075,5.000000
-80.000000,25.000000,0.145698,12.249075,5.000000
-80.000000,30.000000,0.145663,12.249075,5.000000
-80.000000,35.000000,0.145627,12.249075,5.000000
-80.000000,40.000000,0.145642,12.249075,5.000000
-80.000000,45.000000,0.145332,12.249075,5.000000
-80.000000,50.000000,0.144813,9.845150,5.000000
-80.000000,55.000000,0.144778,9.845150,5.000000
-80.000000,60.000000,0.145655,11.028656,5.000000
-80.000000,65.000000,0.145626,11.028656,5.000000
-80.000000,70.000000,0.145707,11.028656,5.000000
-80.000000,75.000000,0.145728,11.028656,5.000000
-80.000000,80.000000,0.145710,11.028656,5.000000
-80.000000,85.000000,0.145471,11.028656,5.000000
-80.000000,90.000000,0.144154,10.322288,5.000000
-80.000000,95.000000,0.145103,10.322288,5.000000
-80.000000,100.000000,0.145171,10.322288,5.000000
-80.000000,105.000000,0.145944,9.973626,5.000000
-80.000000,110.000000,0.145536,9.973626,5.000000
-80.000000,115.000000,0.145590,10.605866,5.000000
-80.000000,120.000000,0.145622,10.355412,5.000000
-80.000000,125.000000,0.146020,10.355412,5.000000
-80.000000,130.000000,0.146052,10.355412,5.000000
-80.000000,135.000000,0.146089,10.355412,5.000000
-80.000000,140.000000,0.146128,10.355412,5.000000
-80.000000,145.000000,0.146170,10.355412,5.000000
-80.000000,150.000000,0.146214,10.355412,5.000000
-80.000000,155.000000,0.146259,10.355412,5.000000
-80.000000,160.000000,0.146304,10.355412,5.000000
-80.000000,165.000000,0.146349,10.355412,5.000000
-80.000000,170.000000,0.146373,10.355412,5.000000
-80.000000,175.000000,0.146416,10.355412,5.000000
-75.000000,-180.000000,0.150229,14.560193,5.000000
-75.000000,-175.000000,0.150229,14.560193,5.000000
-75.000000,-170.000000,0.150236,14.560193,5.000000
-75.000000,-165.000000,0.150243,14.560193,5.000000
-75.000000,-160.000000,0.150251,14.560193,5.000000
-75.000000,-155.000000,0.145036,9.520569,5.000000
-75.000000,-150.000000,0.145064,9.520569,5.000000
-75.000000,-145.000000,0.145088,9.520569,5.000000
-75.000000,-140.000000,0.145580,9.520569,5.000000
-75.000000,-135.000000,0.145595,9.520569,5.000000
-75.000000,-130.000000,0.145518,9.520569,5.000000
-75.000000,-125.000000,0.145529,9.520569,5.000000
-75.000000,-120.000000,0.145350,9.101787,5.000000
-75.000000,-115.000000,0.145357,9.101787,5.000000
-75.000000,-110.000000,0.145094,9.101787,5.000000
-75.000000,-105.000000,0.150484,17.054387,5.000000
-75.000000,-100.000000,0.150496,17.054387,5.000000
-75.000000,-95.000000,0.150508,17.054387,5.000000
-75.000000,-90.000000,0.150520,17.054387,5.000000
-75.000000,-85.000000,0.150392,17.054387,5.000000
-75.000000,-80.000000,0.147953,17.054387,5.000000
-75.000000,-75.000000,0.147949,17.054387,5.000000
-75.000000,-70.000000,0.151982,21.841071,5.000000
-75.000000,-65.000000,0.152002,21.841071,5.000000
-75.000000,-60.000000,0.152022,21.841071,5.000000
-75.000000,-55.000000,0.152036,21.841071,5.000000
-75.000000,-50.000000,0.151899,21.841071,5.000000
-75.000000,-45.000000,0.151918,21.841071,5.000000
-75.000000,-40.000000,0.151937,21.841071,5.000000
-75.000000,-35.000000,0.151956,21.841071,5.000000
-75.000000,-30.000000,0.148002,15.476959,5.000000
-75.000000,-25.000000,0.150988,16.183327,5.000000
-75.000000,-20.000000,0.144351,11.396644,5.000000
-75.000000,-15.000000,0.145844,12.249075,5.000000
-75.000000,-10.000000,0.145817,12.249075,5.000000
-75.000000,-5.000000,0.145790,12.249075,5.000000
-75.000000,0.000000,0.145760,12.249075,5.000000
-75.000000,5.000000,0.145730,12.249075,5.000000
-75.000000,10.000000,0.145698,12.249075,5.000000
-75.000000,15.000000,0.145665,12.249075,5.000000
-75.000000,20.000000,0.145632,12.249075,5.000000
-75.000000,25.000000,0.145334,12.249075,5.000000
-75.000000,30.000000,0.145144,12.249075,5.000000
-75.000000,35.000000,0.143868,12.249075,5.000000
-75.000000,40.000000,0.144540,12.249075,5.000000
-75.000000,45.000000,0.144810,12.249075,5.000000
-75.000000,50.000000,0.145550,13.432582,5.000000
-75.000000,55.000000,0.144323,11.028656,5.000000
-75.000000,60.000000,0.144280,11.028656,5.000000
-75.000000,65.000000,0.144406,11.028656,5.000000
-75.000000,70.000000,0.144368,11.028656,5.000000
-75.000000,75.000000,0.146401,13.592760,5.000000
-75.000000,80.000000,0.146384,13.592760,5.000000
-75.000000,85.000000,0.146345,13.592760,5.000000
-75.000000,90.000000,0.145755,13.592760,5.000000
-75.000000,95.000000,0.145794,13.592760,5.000000
-75.000000,100.000000,0.145792,13.592760,5.000000
-75.000000,105.000000,0.145970,14.120610,5.000000
-75.000000,110.000000,0.145981,14.120610,5.000000
-75.000000,115.000000,0.144330,13.268179,5.000000
-75.000000,120.000000,0.145302,13.268179,5.000000
-75.000000,125.000000,0.145332,13.268179,5.000000
-75.000000,130.000000,0.146007,13.268179,5.000000
-75.000000,135.000000,0.144946,10.355412,5.000000
-75.000000,140.000000,0.144988,10.355412,5.000000
-75.000000,145.000000,0.145034,10.355412,5.000000
-75.000000,150.000000,0.145938,10.355412,5.000000
-75.000000,155.000000,0.145981,10.355412,5.000000
-75.000000,160.000000,0.146026,10.355412,5.000000
-75.000000,165.000000,0.146070,10.355412,5.000000
-75.000000,170.000000,0.146114,10.355412,5.000000
-75.000000,175.000000,0.150215,14.560193,5.000000
-70.000000,-180.000000,0.149866,14.560193,5.000000
-70.000000,-175.000000,0.149874,14.560193,5.000000
-70.000000,-170.000000,0.150318,14.560193,5.000000
-70.000000,-165.000000,0.150304,14.560193,5.000000
-70.000000,-160.000000,0.150327,14.560193,5.000000
-70.000000,-155.000000,0.150331,14.560193,5.000000
-70.000000,-150.000000,0.150337,14.560193,5.000000
-70.000000,-145.000000,0.150344,14.560193,5.000000
-70.000000,-140.000000,0.145072,9.520569,5.000000
-70.000000,-135.000000,0.145565,9.520569,5.000000
-70.000000,-130.000000,0.145489,9.520569,5.000000
-70.000000,-125.000000,0.150175,14.650462,5.000000
-70.000000,-120.000000,0.150076,14.650462,5.000000
-70.000000,-115.000000,0.150086,14.650462,5.000000
-70.000000,-110.000000,0.151712,21.025634,5.000000
-70.000000,-105.000000,0.151148,21.025634,5.000000
-70.000000,-100.000000,0.151160,21.025634,5.000000
-70.000000,-95.000000,0.149119,21.025634,5.000000
-70.000000,-90.000000,0.149953,21.841071,5.000000
-70.000000,-85.000000,0.149958,21.841071,5.000000
-70.000000,-80.000000,0.149962,21.841071,5.000000
-70.000000,-75.000000,0.149808,21.841071,5.000000
-70.000000,-70.000000,0.149192,21.841071,5.000000
-70.000000,-65.000000,0.151317,21.841071,5.000000
-70.000000,-60.000000,0.151933,21.841071,5.000000
-70.000000,-55.000000,0.151747,21.841071,5.000000
-70.000000,-50.000000,0.151766,21.841071,5.000000
-70.000000,-45.000000,0.151992,21.841071,5.000000
-70.000000,-40.000000,0.151997,21.841071,5.000000
-70.000000,-35.000000,0.152015,21.841071,5.000000
-70.000000,-30.000000,0.152032,21.841071,5.000000
-70.000000,-25.000000,0.152048,21.841071,5.000000
-70.000000,-20.000000,0.148947,16.183327,5.000000
-70.000000,-15.000000,0.151050,16.183327,5.000000
-70.000000,-10.000000,0.145834,12.249075,5.000000
-70.000000,-5.000000,0.145808,12.249075,5.000000
-70.000000,0.000000,0.145781,12.249075,5.000000
-70.000000,5.000000,0.145753,12.249075,5.000000
-70.000000,10.000000,0.145469,12.249075,5.000000
-70.000000,15.000000,0.145436,12.249075,5.000000
-70.000000,20.000000,0.144649,12.249075,5.000000
-70.000000,25.000000,0.144455,12.249075,5.000000
-70.000000,30.000000,0.143945,12.249075,5.000000
-70.000000,35.000000,0.143903,12.249075,5.000000
-70.000000,40.000000,0.145399,15.161841,5.000000
-70.000000,45.000000,0.144622,13.432582,5.000000
-70.000000,50.000000,0.144505,13.432582,5.000000
-70.000000,55.000000,0.144544,11.028656,5.000000
-70.000000,60.000000,0.146201,13.592760,5.000000
-70.000000,65.000000,0.146173,13.592760,5.000000
-70.000000,70.000000,0.146148,13.592760,5.000000
-70.000000,75.000000,0.146126,13.592760,5.000000
-70.000000,80.000000,0.145991,13.592760,5.000000
-70.000000,85.000000,0.145975,13.592760,5.000000
-70.000000,90.000000,0.145361,13.592760,5.000000
-70.000000,95.000000,0.145676,13.592760,5.000000
-70.000000,100.000000,0.145461,13.592760,5.000000
-70.000000,105.000000,0.145965,14.120610,5.000000
-70.000000,110.000000,0.146017,14.120610,5.000000
-70.000000,115.000000,0.145979,14.120610,5.000000
-70.000000,120.000000,0.144382,13.268179,5.000000
-70.000000,125.000000,0.144411,13.268179,5.000000
-70.000000,130.000000,0.145387,13.268179,5.000000
-70.000000,135.000000,0.145419,13.268179,5.000000
-70.000000,140.000000,0.146081,13.268179,5.000000
-70.000000,145.000000,0.150710,17.124296,5.000000
-70.000000,150.000000,0.150701,17.124296,5.000000
-70.000000,155.000000,0.149354,17.124296,5.000000
-70.000000,160.000000,0.149368,17.124296,5.000000
-70.000000,165.000000,0.149383,17.124296,5.000000
-70.000000,170.000000,0.149853,14.560193,5.000000
-70.000000,175.000000,0.149860,14.560193,5.000000
-65.000000,-180.000000,0.151558,25.101658,5.000000
-65.000000,-175.000000,0.151549,25.101658,5.000000
-65.000000,-170.000000,0.151541,25.101658,5.000000
-65.000000,-165.000000,0.151535,25.101658,5.000000
-65.000000,-160.000000,0.151534,25.262051,5.000000
-65.000000,-155.000000,0.148254,14.560193,5.000000
-65.000000,-150.000000,0.148544,14.560193,5.000000
-65.000000,-145.000000,0.150369,14.560193,5.000000
-65.000000,-140.000000,0.150432,14.560193,5.000000
-65.000000,-135.000000,0.145073,9.520569,5.000000
-65.000000,-130.000000,0.147792,14.650462,5.000000
-65.000000,-125.000000,0.147800,14.650462,5.000000
-65.000000,-120.000000,0.151238,21.025634,5.000000
-65.000000,-115.000000,0.151282,21.025634,5.000000
-65.000000,-110.000000,0.151290,21.025634,5.000000
-65.000000,-105.000000,0.149107,21.025634,5.000000
-65.000000,-100.000000,0.152995,28.321937,5.000000
-65.000000,-95.000000,0.152710,28.321937,5.000000
-65.000000,-90.000000,0.152728,28.321937,5.000000
-65.000000,-85.000000,0.154033,38.555937,5.000000
-65.000000,-80.000000,0.154050,38.555937,5.000000
-65.000000,-75.000000,0.154068,38.555937,5.000000
-65.000000,-70.000000,0.150182,30.565469,5.000000
-65.000000,-65.000000,0.150183,30.565469,5.000000
-65.000000,-60.000000,0.152842,30.565469,5.000000
-65.000000,-55.000000,0.153246,30.565469,5.000000
-65.000000,-50.000000,0.153265,30.565469,5.000000
-65.000000,-45.000000,0.154158,30.565469,5.000000
-65.000000,-40.000000,0.154178,30.565469,5.000000
-65.000000,-35.000000,0.151926,21.841071,5.000000
-65.000000,-30.000000,0.151941,21.841071,5.000000
-65.000000,-25.000000,0.152142,21.841071,5.000000
-65.000000,-20.000000,0.152157,21.841071,5.000000
-65.000000,-15.000000,0.148982,16.183327,5.000000
-65.000000,-10.000000,0.148973,16.183327,5.000000
-65.000000,-5.000000,0.151125,16.183327,5.000000
-65.000000,0.000000,0.145572,12.249075,5.000000
-65.000000,5.000000,0.145544,12.249075,5.000000
-65.000000,10.000000,0.145515,12.249075,5.000000
-65.000000,15.000000,0.144737,12.249075,5.000000
-65.000000,20.000000,0.144546,12.249075,5.000000
-65.000000,25.000000,0.144509,12.249075,5.000000
-65.000000,30.000000,0.145514,15.161841,5.000000
-65.000000,35.000000,0.145485,15.161841,5.000000
-65.000000,40.000000,0.144930,15.161841,5.000000
-65.000000,45.000000,0.144854,15.161841,5.000000
-65.000000,50.000000,0.146441,15.996685,5.000000
-65.000000,55.000000,0.145967,15.996685,5.000000
-65.000000,60.000000,0.146275,13.592760,5.000000
-65.000000,65.000000,0.146250,13.592760,5.000000
-65.000000,70.000000,0.146227,13.592760,5.000000
-65.000000,75.000000,0.146206,13.592760,5.000000
-65.000000,80.000000,0.146074,13.592760,5.000000
-65.000000,85.000000,0.146060,13.592760,5.000000
-65.000000,90.000000,0.145446,13.592760,5.000000
-65.000000,95.000000,0.145221,13.592760,5.000000
-65.000000,100.000000,0.145540,13.592760,5.000000
-65.000000,105.000000,0.145935,14.120610,5.000000
-65.000000,110.000000,0.145990,14.120610,5.000000
-65.000000,115.000000,0.145890,14.120610,5.000000
-65.000000,120.000000,0.146018,14.120610,5.000000
-65.000000,125.000000,0.144405,13.268179,5.000000
-65.000000,130.000000,0.144433,13.268179,5.000000
-65.000000,135.000000,0.148005,17.124296,5.000000
-65.000000,140.000000,0.148046,17.124296,5.000000
-65.000000,145.000000,0.146413,17.124296,5.000000
-65.000000,150.000000,0.147541,17.124296,5.000000
-65.000000,155.000000,0.147507,17.124296,5.000000
-65.000000,160.000000,0.151398,25.101658,5.000000
-65.000000,165.000000,0.151386,25.101658,5.000000
-65.000000,170.000000,0.151374,25.101658,5.000000
-65.000000,175.000000,0.151568,25.101658,5.000000
-60.000000,-180.000000,0.152844,36.915865,5.000000
-60.000000,-175.000000,0.152830,36.915865,5.000000
-60.000000,-170.000000,0.152817,36.915865,5.000000
-60.000000,-165.000000,0.153236,36.915865,5.000000
-60.000000,-160.000000,0.153225,36.915865,5.000000
-60.000000,-155.000000,0.149899,25.262051,5.000000
-60.000000,-150.000000,0.150485,25.262051,5.000000
-60.000000,-145.000000,0.150547,25.262051,5.000000
-60.000000,-140.000000,0.153498,42.931901,5.000000
-60.000000,-135.000000,0.152833,40.182642,5.000000
-60.000000,-130.000000,0.154621,50.096222,5.000000
-60.000000,-125.000000,0.154146,50.096222,5.000000
-60.000000,-120.000000,0.154117,38.488459,5.000000
-60.000000,-115.000000,0.153449,32.039994,5.000000
-60.000000,-110.000000,0.154166,36.826677,5.000000
-60.000000,-105.000000,0.154178,36.826677,5.000000
-60.000000,-100.000000,0.156716,45.213570,5.000000
-60.000000,-95.000000,0.156727,45.213570,5.000000
-60.000000,-90.000000,0.156826,45.213570,5.000000
-60.000000,-85.000000,0.156841,45.213570,5.000000
-60.000000,-80.000000,0.156857,45.213570,5.000000
-60.000000,-75.000000,0.156875,45.213570,5.000000
-60.000000,-70.000000,0.156893,45.213570,5.000000
-60.000000,-65.000000,0.151317,38.555937,5.000000
-60.000000,-60.000000,0.153231,38.555937,5.000000
-60.000000,-55.000000,0.148196,30.565469,5.000000
-60.000000,-50.000000,0.148188,30.565469,5.000000
-60.000000,-45.000000,0.152942,30.565469,5.000000
-60.000000,-40.000000,0.153935,30.565469,5.000000
-60.000000,-35.000000,0.153894,30.565469,5.000000
-60.000000,-30.000000,0.154299,30.565469,5.000000
-60.000000,-25.000000,0.154318,30.565469,5.000000
-60.000000,-20.000000,0.152088,21.841071,5.000000
-60.000000,-15.000000,0.152264,21.841071,5.000000
-60.000000,-10.000000,0.148856,16.183327,5.000000
-60.000000,-5.000000,0.151197,16.183327,5.000000
-60.000000,0.000000,0.152260,24.006475,5.000000
-60.000000,5.000000,0.152413,24.006475,5.000000
-60.000000,10.000000,0.150956,26.287001,5.000000
-60.000000,15.000000,0.150954,26.287001,5.000000
-60.000000,20.000000,0.152641,26.287001,5.000000
-60.000000,25.000000,0.152649,26.287001,5.000000
-60.000000,30.000000,0.152526,26.287001,5.000000
-60.000000,35.000000,0.145017,15.161841,5.000000
-60.000000,40.000000,0.144988,15.161841,5.000000
-60.000000,45.000000,0.144915,15.161841,5.000000
-60.000000,50.000000,0.146512,15.996685,5.000000
-60.000000,55.000000,0.146038,15.996685,5.000000
-60.000000,60.000000,0.146369,13.592760,5.000000
-60.000000,65.000000,0.146347,13.592760,5.000000
-60.000000,70.000000,0.146327,13.592760,5.000000
-60.000000,75.000000,0.146309,13.592760,5.000000
-60.000000,80.000000,0.146180,13.592760,5.000000
-60.000000,85.000000,0.146168,13.592760,5.000000
-60.000000,90.000000,0.145556,13.592760,5.000000
-60.000000,95.000000,0.145332,13.592760,5.000000
-60.000000,100.000000,0.145644,13.592760,5.000000
-60.000000,105.000000,0.146029,14.120610,5.000000
-60.000000,110.000000,0.145974,14.120610,5.000000
-60.000000,115.000000,0.145984,14.120610,5.000000
-60.000000,120.000000,0.146001,14.120610,5.000000
-60.000000,125.000000,0.151131,18.608968,5.000000
-60.000000,130.000000,0.149334,18.608968,5.000000
-60.000000,135.000000,0.153065,24.792615,5.000000
-60.000000,140.000000,0.152690,24.792615,5.000000
-60.000000,145.000000,0.152674,24.792615,5.000000
-60.000000,150.000000,0.153407,32.769976,5.000000
-60.000000,155.000000,0.150668,34.358464,5.000000
-60.000000,160.000000,0.153000,34.358464,5.000000
-60.000000,165.000000,0.152984,34.358464,5.000000
-60.000000,170.000000,0.152711,34.358464,5.000000
-60.000000,175.000000,0.152591,36.915865,5.000000
-55.000000,-180.000000,0.148188,36.915865,5.000000
-55.000000,-175.000000,0.148965,36.915865,5.000000
-55.000000,-170.000000,0.148980,36.915865,5.000000
-55.000000,-165.000000,0.148995,36.915865,5.000000
-55.000000,-160.000000,0.153397,54.585714,5.000000
-55.000000,-155.000000,0.154826,54.585714,5.000000
-55.000000,-150.000000,0.155283,54.585714,5.000000
-55.000000,-145.000000,0.155252,66.840577,5.000000
-55.000000,-140.000000,0.154915,66.840577,5.000000
-55.000000,-135.000000,0.155346,66.212693,5.000000
-55.000000,-130.000000,0.155061,74.004899,5.000000
-55.000000,-125.000000,0.153753,74.004899,5.000000
-55.000000,-120.000000,0.151846,60.330222,5.000000
-55.000000,-115.000000,0.155884,53.509142,5.000000
-55.000000,-110.000000,0.155913,53.509142,5.000000
-55.000000,-105.000000,0.156155,53.509142,5.000000
-55.000000,-100.000000,0.156901,45.213570,5.000000
-55.000000,-95.000000,0.156830,45.213570,5.000000
-55.000000,-90.000000,0.156840,45.213570,5.000000
-55.000000,-85.000000,0.156852,45.213570,5.000000
-55.000000,-80.000000,0.156868,45.213570,5.000000
-55.000000,-75.000000,0.156970,45.213570,5.000000
-55.000000,-70.000000,0.156986,45.213570,5.000000
-55.000000,-65.000000,0.157004,45.213570,5.000000
-55.000000,-60.000000,0.157022,45.213570,5.000000
-55.000000,-55.000000,0.157040,45.213570,5.000000
-55.000000,-50.000000,0.156178,45.213570,5.000000
-55.000000,-45.000000,0.154297,42.505825,5.000000
-55.000000,-40.000000,0.147870,30.565469,5.000000
-55.000000,-35.000000,0.153972,30.565469,5.000000
-55.000000,-30.000000,0.153990,30.565469,5.000000
-55.000000,-25.000000,0.154008,30.565469,5.000000
-55.000000,-20.000000,0.154423,30.565469,5.000000
-55.000000,-15.000000,0.154440,30.565469,5.000000
-55.000000,-10.000000,0.154220,35.878997,5.000000
-55.000000,-5.000000,0.151057,30.221253,5.000000
-55.000000,0.000000,0.152759,30.221253,5.000000
-55.000000,5.000000,0.152705,38.540308,5.000000
-55.000000,10.000000,0.152245,38.540308,5.000000
-55.000000,15.000000,0.152226,38.540308,5.000000
-55.000000,20.000000,0.146440,26.287001,5.000000
-55.000000,25.000000,0.145967,26.287001,5.000000
-55.000000,30.000000,0.152420,39.091574,5.000000
-55.000000,35.000000,0.146748,27.470508,5.000000
-55.000000,40.000000,0.148715,27.470508,5.000000
-55.000000,45.000000,0.148576,27.470508,5.000000
-55.000000,50.000000,0.150981,27.470508,5.000000
-55.000000,55.000000,0.153251,27.791080,5.000000
-55.000000,60.000000,0.146482,13.592760,5.000000
-55.000000,65.000000,0.146463,13.592760,5.000000
-55.000000,70.000000,0.146445,13.592760,5.000000
-55.000000,75.000000,0.146430,13.592760,5.000000
-55.000000,80.000000,0.146304,13.592760,5.000000
-55.000000,85.000000,0.146294,13.592760,5.000000
-55.000000,90.000000,0.145684,13.592760,5.000000
-55.000000,95.000000,0.145461,13.592760,5.000000
-55.000000,100.000000,0.145459,13.592760,5.000000
-55.000000,105.000000,0.145827,14.120610,5.000000
-55.000000,110.000000,0.145785,14.120610,5.000000
-55.000000,115.000000,0.146094,14.120610,5.000000
-55.000000,120.000000,0.152287,20.936497,5.000000
-55.000000,125.000000,0.152298,27.865775,5.000000
-55.000000,130.000000,0.155413,35.740118,5.000000
-55.000000,135.000000,0.154398,35.740118,5.000000
-55.000000,140.000000,0.152615,35.740118,5.000000
-55.000000,145.000000,0.155967,43.717479,5.000000
-55.000000,150.000000,0.155542,43.717479,5.000000
-55.000000,155.000000,0.154981,43.717479,5.000000
-55.000000,160.000000,0.154962,43.717479,5.000000
-55.000000,165.000000,0.154501,44.584183,5.000000
-55.000000,170.000000,0.155371,44.584183,5.000000
-55.000000,175.000000,0.154613,44.584183,5.000000
-50.000000,-180.000000,0.157239,55.560736,5.000000
-50.000000,-175.000000,0.157028,55.560736,5.000000
-50.000000,-170.000000,0.154129,47.892418,5.000000
-50.000000,-165.000000,0.151883,54.585714,5.000000
-50.000000,-160.000000,0.151872,54.585714,5.000000
-50.000000,-155.000000,0.156896,77.066296,5.000000
-50.000000,-150.000000,0.156130,77.066296,5.000000
-50.000000,-145.000000,0.152356,71.725506,5.000000
-50.000000,-140.000000,0.154846,76.754157,5.000000
-50.000000,-135.000000,0.154833,76.754157,5.000000
-50.000000,-130.000000,0.151400,74.004899,5.000000
-50.000000,-125.000000,0.156868,82.810804,5.000000
-50.000000,-120.000000,0.156861,82.810804,5.000000
-50.000000,-115.000000,0.157025,71.203040,5.000000
-50.000000,-110.000000,0.157920,55.681256,5.000000
-50.000000,-105.000000,0.157922,55.681256,5.000000
-50.000000,-100.000000,0.157987,55.681256,5.000000
-50.000000,-95.000000,0.156126,45.213570,5.000000
-50.000000,-90.000000,0.156134,45.213570,5.000000
-50.000000,-85.000000,0.156144,45.213570,5.000000
-50.000000,-80.000000,0.156959,45.213570,5.000000
-50.000000,-75.000000,0.156972,45.213570,5.000000
-50.000000,-70.000000,0.156995,45.213570,5.000000
-50.000000,-65.000000,0.156939,45.213570,5.000000
-50.000000,-60.000000,0.156081,45.213570,5.000000
-50.000000,-55.000000,0.157528,47.052955,5.000000
-50.000000,-50.000000,0.157522,52.849951,5.000000
-50.000000,-45.000000,0.157540,52.849951,5.000000
-50.000000,-40.000000,0.157550,59.807855,5.000000
-50.000000,-35.000000,0.157566,59.807855,5.000000
-50.000000,-30.000000,0.150278,30.565469,5.000000
-50.000000,-25.000000,0.153536,40.872361,5.000000
-50.000000,-20.000000,0.153553,40.872361,5.000000
-50.000000,-15.000000,0.156359,47.118081,5.000000
-50.000000,-10.000000,0.157154,39.455254,5.000000
-50.000000,-5.000000,0.156686,39.455254,5.000000
-50.000000,0.000000,0.155946,47.774309,5.000000
-50.000000,5.000000,0.150230,38.540308,5.000000
-50.000000,10.000000,0.148686,38.540308,5.000000
-50.000000,15.000000,0.148472,38.540308,5.000000
-50.000000,20.000000,0.148458,38.540308,5.000000
-50.000000,25.000000,0.147916,39.091574,5.000000
-50.000000,30.000000,0.149119,39.091574,5.000000
-50.000000,35.000000,0.149061,39.091574,5.000000
-50.000000,40.000000,0.149050,39.091574,5.000000
-50.000000,45.000000,0.150721,39.760809,5.000000
-50.000000,50.000000,0.153133,39.760809,5.000000
-50.000000,55.000000,0.154404,39.760809,5.000000
-50.000000,60.000000,0.151589,27.791080,5.000000
-50.000000,65.000000,0.153403,27.791080,5.000000
-50.000000,70.000000,0.146577,13.592760,5.000000
-50.000000,75.000000,0.146564,13.592760,5.000000
-50.000000,80.000000,0.146441,13.592760,5.000000
-50.000000,85.000000,0.153848,25.282319,5.000000
-50.000000,90.000000,0.153674,25.282319,5.000000
-50.000000,95.000000,0.153665,25.282319,5.000000
-50.000000,100.000000,0.151242,25.282319,5.000000
-50.000000,105.000000,0.148713,25.810170,5.000000
-50.000000,110.000000,0.146797,25.810170,5.000000
-50.000000,115.000000,0.154421,34.597709,5.000000
-50.000000,120.000000,0.156321,40.781356,5.000000
-50.000000,125.000000,0.155067,40.039299,5.000000
-50.000000,130.000000,0.154154,44.244079,5.000000
-50.000000,135.000000,0.153156,44.244079,5.000000
-50.000000,140.000000,0.153494,44.244079,5.000000
-50.000000,145.000000,0.156816,52.123231,5.000000
-50.000000,150.000000,0.157756,52.123231,5.000000
-50.000000,155.000000,0.157496,56.408736,5.000000
-50.000000,160.000000,0.157022,52.708979,5.000000
-50.000000,165.000000,0.157202,52.708979,5.000000
-50.000000,170.000000,0.157276,55.560736,5.000000
-50.000000,175.000000,0.157258,55.560736,5.000000
-45.000000,-180.000000,0.157039,55.560736,5.000000
-45.000000,-175.000000,0.157020,55.560736,5.000000
-45.000000,-170.000000,0.157664,66.796485,5.000000
-45.000000,-165.000000,0.157259,66.796485,5.000000
-45.000000,-160.000000,0.156966,77.066296,5.000000
-45.000000,-155.000000,0.156192,77.066296,5.000000
-45.000000,-150.000000,0.156529,77.066296,5.000000
-45.000000,-145.000000,0.158614,86.979876,5.000000
-45.000000,-140.000000,0.160947,94.539728,5.000000
-45.000000,-135.000000,0.159706,94.539728,5.000000
-45.000000,-130.000000,0.157322,90.678121,5.000000
-45.000000,-125.000000,0.159187,90.678121,5.000000
-45.000000,-120.000000,0.157018,82.810804,5.000000
-45.000000,-115.000000,0.157011,82.810804,5.000000
-45.000000,-110.000000,0.157305,71.203040,5.000000
-45.000000,-105.000000,0.157916,55.681256,5.000000
-45.000000,-100.000000,0.157918,55.681256,5.000000
-45.000000,-95.000000,0.158872,48.045953,5.000000
-45.000000,-90.000000,0.158877,48.045953,5.000000
-45.000000,-85.000000,0.158884,48.045953,5.000000
-45.000000,-80.000000,0.158719,48.045953,5.000000
-45.000000,-75.000000,0.158094,48.045953,5.000000
-45.000000,-70.000000,0.157203,51.072177,5.000000
-45.000000,-65.000000,0.157252,49.494749,5.000000
-45.000000,-60.000000,0.156817,49.494749,5.000000
-45.000000,-55.000000,0.158697,53.444637,5.000000
-45.000000,-50.000000,0.158629,53.444637,5.000000
-45.000000,-45.000000,0.158984,70.684623,5.000000
-45.000000,-40.000000,0.159939,84.265272,5.000000
-45.000000,-35.000000,0.159897,84.265272,5.000000
-45.000000,-30.000000,0.159914,84.265272,5.000000
-45.000000,-25.000000,0.153825,80.567533,5.000000
-45.000000,-20.000000,0.159078,80.567533,5.000000
-45.000000,-15.000000,0.154078,47.722376,5.000000
-45.000000,-10.000000,0.153604,39.455254,5.000000
-45.000000,-5.000000,0.153804,47.774309,5.000000
-45.000000,0.000000,0.152111,47.774309,5.000000
-45.000000,5.000000,0.152558,47.774309,5.000000
-45.000000,10.000000,0.152535,47.774309,5.000000
-45.000000,15.000000,0.155362,48.179511,5.000000
-45.000000,20.000000,0.147215,38.540308,5.000000
-45.000000,25.000000,0.147982,39.091574,5.000000
-45.000000,30.000000,0.147964,39.091574,5.000000
-45.000000,35.000000,0.147877,39.091574,5.000000
-45.000000,40.000000,0.147861,39.091574,5.000000
-45.000000,45.000000,0.148011,39.760809,5.000000
-45.000000,50.000000,0.149283,39.760809,5.000000
-45.000000,55.000000,0.150803,39.760809,5.000000
-45.000000,60.000000,0.154580,39.760809,5.000000
-45.000000,65.000000,0.151702,27.791080,5.000000
-45.000000,70.000000,0.153552,27.791080,5.000000
-45.000000,75.000000,0.154010,25.282319,5.000000
-45.000000,80.000000,0.154001,25.282319,5.000000
-45.000000,85.000000,0.153880,25.282319,5.000000
-45.000000,90.000000,0.148525,25.282319,5.000000
-45.000000,95.000000,0.155277,40.872413,5.000000
-45.000000,100.000000,0.152584,40.872413,5.000000
-45.000000,105.000000,0.152542,40.872413,5.000000
-45.000000,110.000000,0.156435,49.659953,5.000000
-45.000000,115.000000,0.161172,54.056646,5.000000
-45.000000,120.000000,0.158770,58.709511,5.000000
-45.000000,125.000000,0.159688,58.709511,5.000000
-45.000000,130.000000,0.159964,58.709511,5.000000
-45.000000,135.000000,0.159300,62.533915,5.000000
-45.000000,140.000000,0.159283,62.533915,5.000000
-45.000000,145.000000,0.157391,56.935337,5.000000
-45.000000,150.000000,0.156641,56.408736,5.000000
-45.000000,155.000000,0.157573,56.408736,5.000000
-45.000000,160.000000,0.157498,54.694032,5.000000
-45.000000,165.000000,0.157492,55.560736,5.000000
-45.000000,170.000000,0.157079,55.560736,5.000000
-45.000000,175.000000,0.157059,55.560736,5.000000
-40.000000,-180.000000,0.157868,73.545822,5.000000
-40.000000,-175.000000,0.157850,73.545822,5.000000
-40.000000,-170.000000,0.156498,80.239118,5.000000
-40.000000,-165.000000,0.161935,103.088836,5.000000
-40.000000,-160.000000,0.160813,99.916014,5.000000
-40.000000,-155.000000,0.159530,99.916014,5.000000
-40.000000,-150.000000,0.159515,99.916014,5.000000
-40.000000,-145.000000,0.160074,94.539728,5.000000
-40.000000,-140.000000,0.159872,94.539728,5.000000
-40.000000,-135.000000,0.159858,94.539728,5.000000
-40.000000,-130.000000,0.157454,90.678121,5.000000
-40.000000,-125.000000,0.157358,90.678121,5.000000
-40.000000,-120.000000,0.158772,93.119915,5.000000
-40.000000,-115.000000,0.156665,82.810804,5.000000
-40.000000,-110.000000,0.157190,82.810804,5.000000
-40.000000,-105.000000,0.157907,56.341526,5.000000
-40.000000,-100.000000,0.157173,56.341526,5.000000
-40.000000,-95.000000,0.158347,56.936212,5.000000
-40.000000,-90.000000,0.156145,48.045953,5.000000
-40.000000,-85.000000,0.159289,50.601149,5.000000
-40.000000,-80.000000,0.159400,50.601149,5.000000
-40.000000,-75.000000,0.159408,50.601149,5.000000
-40.000000,-70.000000,0.159185,52.327133,5.000000
-40.000000,-65.000000,0.157786,57.463858,5.000000
-40.000000,-60.000000,0.159213,62.190934,5.000000
-40.000000,-55.000000,0.159976,76.205724,5.000000
-40.000000,-50.000000,0.160424,90.123880,5.000000
-40.000000,-45.000000,0.161894,96.419857,5.000000
-40.000000,-40.000000,0.161883,96.419857,5.000000
-40.000000,-35.000000,0.162530,109.147560,5.000000
-40.000000,-30.000000,0.163256,112.345765,5.000000
-40.000000,-25.000000,0.163128,112.345765,5.000000
-40.000000,-20.000000,0.162899,105.344865,5.000000
-40.000000,-15.000000,0.157203,85.721218,5.000000
-40.000000,-10.000000,0.158560,80.727854,5.000000
-40.000000,-5.000000,0.157788,72.956639,5.000000
-40.000000,0.000000,0.150639,47.774309,5.000000
-40.000000,5.000000,0.150590,47.774309,5.000000
-40.000000,10.000000,0.150582,47.774309,5.000000
-40.000000,15.000000,0.151122,48.179511,5.000000
-40.000000,20.000000,0.151115,48.179511,5.000000
-40.000000,25.000000,0.155544,48.179511,5.000000
-40.000000,30.000000,0.148042,39.091574,5.000000
-40.000000,35.000000,0.147957,39.091574,5.000000
-40.000000,40.000000,0.147943,39.091574,5.000000
-40.000000,45.000000,0.148095,39.760809,5.000000
-40.000000,50.000000,0.148084,39.760809,5.000000
-40.000000,55.000000,0.148075,39.760809,5.000000
-40.000000,60.000000,0.149350,39.760809,5.000000
-40.000000,65.000000,0.154751,39.760809,5.000000
-40.000000,70.000000,0.153695,27.791080,5.000000
-40.000000,75.000000,0.154147,25.282319,5.000000
-40.000000,80.000000,0.151981,25.282319,5.000000
-40.000000,85.000000,0.151926,48.791893,5.000000
-40.000000,90.000000,0.153856,64.235923,5.000000
-40.000000,95.000000,0.154762,64.235923,5.000000
-40.000000,100.000000,0.154755,64.235923,5.000000
-40.000000,105.000000,0.159100,71.474017,5.000000
-40.000000,110.000000,0.161859,69.217099,5.000000
-40.000000,115.000000,0.161848,69.217099,5.000000
-40.000000,120.000000,0.163018,69.217099,5.000000
-40.000000,125.000000,0.161013,62.279652,5.000000
-40.000000,130.000000,0.159536,58.709511,5.000000
-40.000000,135.000000,0.158883,62.533915,5.000000
-40.000000,140.000000,0.159317,62.533915,5.000000
-40.000000,145.000000,0.159959,62.533915,5.000000
-40.000000,150.000000,0.159042,63.805319,5.000000
-40.000000,155.000000,0.157583,63.278718,5.000000
-40.000000,160.000000,0.158013,64.145423,5.000000
-40.000000,165.000000,0.158059,64.145423,5.000000
-40.000000,170.000000,0.156584,61.817894,5.000000
-40.000000,175.000000,0.157431,61.817894,5.000000
-35.000000,-180.000000,0.161362,96.395540,5.000000
-35.000000,-175.000000,0.160300,96.395540,5.000000
-35.000000,-170.000000,0.160385,103.088836,5.000000
-35.000000,-165.000000,0.160294,103.088836,5.000000
-35.000000,-160.000000,0.158425,99.916014,5.000000
-35.000000,-155.000000,0.162886,107.475866,5.000000
-35.000000,-150.000000,0.160239,107.475866,5.000000
-35.000000,-145.000000,0.161766,112.504517,5.000000
-35.000000,-140.000000,0.162791,112.504517,5.000000
-35.000000,-135.000000,0.163446,112.504517,5.000000
-35.000000,-130.000000,0.163436,112.504517,5.000000
-35.000000,-125.000000,0.158908,93.119915,5.000000
-35.000000,-120.000000,0.158897,93.119915,5.000000
-35.000000,-115.000000,0.160397,93.119915,5.000000
-35.000000,-110.000000,0.160292,84.065760,5.000000
-35.000000,-105.000000,0.159670,72.120490,5.000000
-35.000000,-100.000000,0.160615,58.559215,5.000000
-35.000000,-95.000000,0.160615,58.559215,5.000000
-35.000000,-90.000000,0.159202,58.559215,5.000000
-35.000000,-85.000000,0.159415,53.950136,5.000000
-35.000000,-80.000000,0.159420,53.950136,5.000000
-35.000000,-75.000000,0.159073,53.950136,5.000000
-35.000000,-70.000000,0.160126,58.677211,5.000000
-35.000000,-65.000000,0.159754,63.813937,5.000000
-35.000000,-60.000000,0.160724,85.095293,5.000000
-35.000000,-55.000000,0.160579,89.165508,5.000000
-35.000000,-50.000000,0.161923,96.419857,5.000000
-35.000000,-45.000000,0.161301,96.419857,5.000000
-35.000000,-40.000000,0.161933,109.147560,5.000000
-35.000000,-35.000000,0.163162,112.345765,5.000000
-35.000000,-30.000000,0.163016,112.345765,5.000000
-35.000000,-25.000000,0.163522,113.268111,5.000000
-35.000000,-20.000000,0.163481,105.605284,5.000000
-35.000000,-15.000000,0.163501,105.605284,5.000000
-35.000000,-10.000000,0.162847,97.776032,5.000000
-35.000000,-5.000000,0.154034,72.956639,5.000000
-35.000000,0.000000,0.156724,72.956639,5.000000
-35.000000,5.000000,0.156753,80.538421,5.000000
-35.000000,10.000000,0.156863,80.538421,5.000000
-35.000000,15.000000,0.151196,48.179511,5.000000
-35.000000,20.000000,0.151191,48.179511,5.000000
-35.000000,25.000000,0.151180,48.179511,5.000000
-35.000000,30.000000,0.151175,48.179511,5.000000
-35.000000,35.000000,0.153282,48.216506,5.000000
-35.000000,40.000000,0.148194,39.760809,5.000000
-35.000000,45.000000,0.148184,39.760809,5.000000
-35.000000,50.000000,0.148175,39.760809,5.000000
-35.000000,55.000000,0.148167,39.760809,5.000000
-35.000000,60.000000,0.148161,39.760809,5.000000
-35.000000,65.000000,0.149434,39.760809,5.000000
-35.000000,70.000000,0.154814,50.871012,5.000000
-35.000000,75.000000,0.155220,48.362251,5.000000
-35.000000,80.000000,0.150448,63.952346,5.000000
-35.000000,85.000000,0.150451,63.952346,5.000000
-35.000000,90.000000,0.158999,84.800161,5.000000
-35.000000,95.000000,0.165150,94.553949,5.000000
-35.000000,100.000000,0.165143,94.553949,5.000000
-35.000000,105.000000,0.163216,94.553949,5.000000
-35.000000,110.000000,0.163005,81.277376,5.000000
-35.000000,115.000000,0.162991,81.277376,5.000000
-35.000000,120.000000,0.161328,69.217099,5.000000
-35.000000,125.000000,0.161927,69.217099,5.000000
-35.000000,130.000000,0.160478,62.279652,5.000000
-35.000000,135.000000,0.160182,59.846899,5.000000
-35.000000,140.000000,0.158862,62.533915,5.000000
-35.000000,145.000000,0.159065,62.533915,5.000000
-35.000000,150.000000,0.159056,67.705737,5.000000
-35.000000,155.000000,0.158791,67.705737,5.000000
-35.000000,160.000000,0.158586,68.572441,5.000000
-35.000000,165.000000,0.159065,70.017493,5.000000
-35.000000,170.000000,0.159466,70.017493,5.000000
-35.000000,175.000000,0.159701,82.130508,5.000000
-30.000000,-180.000000,0.158772,96.395540,5.000000
-30.000000,-175.000000,0.159490,96.395540,5.000000
-30.000000,-170.000000,0.158781,103.088836,5.000000
-30.000000,-165.000000,0.158808,103.088836,5.000000
-30.000000,-160.000000,0.162186,116.456047,5.000000
-30.000000,-155.000000,0.160612,107.475866,5.000000
-30.000000,-150.000000,0.160348,107.475866,5.000000
-30.000000,-145.000000,0.161869,112.504517,5.000000
-30.000000,-140.000000,0.162893,112.504517,5.000000
-30.000000,-135.000000,0.162882,112.504517,5.000000
-30.000000,-130.000000,0.163534,112.504517,5.000000
-30.000000,-125.000000,0.159020,93.119915,5.000000
-30.000000,-120.000000,0.159009,93.119915,5.000000
-30.000000,-115.000000,0.158999,93.119915,5.000000
-30.000000,-110.000000,0.160368,84.065760,5.000000
-30.000000,-105.000000,0.161510,74.080999,5.000000
-30.000000,-100.000000,0.161708,59.290219,5.000000
-30.000000,-95.000000,0.161706,59.290219,5.000000
-30.000000,-90.000000,0.161706,59.290219,5.000000
-30.000000,-85.000000,0.159236,50.994647,5.000000
-30.000000,-80.000000,0.159241,50.994647,5.000000
-30.000000,-75.000000,0.160417,55.721723,5.000000
-30.000000,-70.000000,0.160849,59.408216,5.000000
-30.000000,-65.000000,0.161077,71.636995,5.000000
-30.000000,-60.000000,0.161898,95.695550,5.000000
-30.000000,-55.000000,0.161305,99.765765,5.000000
-30.000000,-50.000000,0.162838,104.909613,5.000000
-30.000000,-45.000000,0.162721,112.345765,5.000000
-30.000000,-40.000000,0.162505,112.345765,5.000000
-30.000000,-35.000000,0.163447,112.606184,5.000000
-30.000000,-30.000000,0.163149,112.606184,5.000000
-30.000000,-25.000000,0.163144,112.606184,5.000000
-30.000000,-20.000000,0.162560,105.605284,5.000000
-30.000000,-15.000000,0.162578,105.605284,5.000000
-30.000000,-10.000000,0.163292,97.338162,5.000000
-30.000000,-5.000000,0.163255,105.206479,5.000000
-30.000000,0.000000,0.162895,105.206479,5.000000
-30.000000,5.000000,0.153864,80.538421,5.000000
-30.000000,10.000000,0.154096,80.538421,5.000000
-30.000000,15.000000,0.154120,80.538421,5.000000
-30.000000,20.000000,0.154144,80.538421,5.000000
-30.000000,25.000000,0.151257,48.179511,5.000000
-30.000000,30.000000,0.151254,48.179511,5.000000
-30.000000,35.000000,0.151429,48.216506,5.000000
-30.000000,40.000000,0.153370,48.216506,5.000000
-30.000000,45.000000,0.148272,39.760809,5.000000
-30.000000,50.000000,0.148265,39.760809,5.000000
-30.000000,55.000000,0.154452,62.492078,5.000000
-30.000000,60.000000,0.152593,62.492078,5.000000
-30.000000,65.000000,0.151411,62.492078,5.000000
-30.000000,70.000000,0.151062,62.492078,5.000000
-30.000000,75.000000,0.150380,63.806282,5.000000
-30.000000,80.000000,0.155315,97.300692,5.000000
-30.000000,85.000000,0.164133,124.678782,5.000000
-30.000000,90.000000,0.164219,112.178251,5.000000
-30.000000,95.000000,0.164035,112.178251,5.000000
-30.000000,100.000000,0.165216,94.553949,5.000000
-30.000000,105.000000,0.165208,94.553949,5.000000
-30.000000,110.000000,0.163457,94.553949,5.000000
-30.000000,115.000000,0.163077,81.277376,5.000000
-30.000000,120.000000,0.162822,81.277376,5.000000
-30.000000,125.000000,0.161485,74.620885,5.000000
-30.000000,130.000000,0.162183,74.620885,5.000000
-30.000000,135.000000,0.161038,63.674856,5.000000
-30.000000,140.000000,0.159907,66.361872,5.000000
-30.000000,145.000000,0.160676,70.543247,5.000000
-30.000000,150.000000,0.160800,79.934441,5.000000
-30.000000,155.000000,0.162070,79.934441,5.000000
-30.000000,160.000000,0.162053,79.934441,5.000000
-30.000000,165.000000,0.160649,78.663884,5.000000
-30.000000,170.000000,0.160406,86.557527,5.000000
-30.000000,175.000000,0.159596,81.745422,5.000000
-25.000000,-180.000000,0.158851,96.395540,5.000000
-25.000000,-175.000000,0.159019,96.395540,5.000000
-25.000000,-170.000000,0.158923,103.088836,5.000000
-25.000000,-165.000000,0.160859,116.456047,5.000000
-25.000000,-160.000000,0.160541,116.456047,5.000000
-25.000000,-155.000000,0.163840,122.903551,5.000000
-25.000000,-150.000000,0.164064,122.903551,5.000000
-25.000000,-145.000000,0.161951,112.504517,5.000000
-25.000000,-140.000000,0.162974,112.504517,5.000000
-25.000000,-135.000000,0.162964,112.504517,5.000000
-25.000000,-130.000000,0.162955,112.504517,5.000000
-25.000000,-125.000000,0.163544,112.504517,5.000000
-25.000000,-120.000000,0.159105,93.119915,5.000000
-25.000000,-115.000000,0.159095,93.119915,5.000000
-25.000000,-110.000000,0.161685,91.933077,5.000000
-25.000000,-105.000000,0.161422,72.851494,5.000000
-25.000000,-100.000000,0.160617,59.290219,5.000000
-25.000000,-95.000000,0.159007,59.290219,5.000000
-25.000000,-90.000000,0.158888,59.290219,5.000000
-25.000000,-85.000000,0.159773,57.568830,5.000000
-25.000000,-80.000000,0.160406,55.721723,5.000000
-25.000000,-75.000000,0.160867,68.681507,5.000000
-25.000000,-70.000000,0.160662,68.681507,5.000000
-25.000000,-65.000000,0.162426,90.277340,5.000000
-25.000000,-60.000000,0.163239,122.142426,5.000000
-25.000000,-55.000000,0.163230,109.868794,5.000000
-25.000000,-50.000000,0.162356,108.107817,5.000000
-25.000000,-45.000000,0.163519,112.606184,5.000000
-25.000000,-40.000000,0.163174,112.606184,5.000000
-25.000000,-35.000000,0.163165,112.606184,5.000000
-25.000000,-30.000000,0.163182,112.606184,5.000000
-25.000000,-25.000000,0.162525,105.605284,5.000000
-25.000000,-20.000000,0.163695,109.392716,5.000000
-25.000000,-15.000000,0.163837,109.392716,5.000000
-25.000000,-10.000000,0.164149,122.018910,5.000000
-25.000000,-5.000000,0.163430,104.387369,5.000000
-25.000000,0.000000,0.163448,104.387369,5.000000
-25.000000,5.000000,0.163465,104.387369,5.000000
-25.000000,10.000000,0.154156,80.538421,5.000000
-25.000000,15.000000,0.154180,80.538421,5.000000
-25.000000,20.000000,0.154205,80.538421,5.000000
-25.000000,25.000000,0.163422,91.041851,5.000000
-25.000000,30.000000,0.163438,91.041851,5.000000
-25.000000,35.000000,0.154080,58.682941,5.000000
-25.000000,40.000000,0.163422,77.927961,5.000000
-25.000000,45.000000,0.154472,68.693960,5.000000
-25.000000,50.000000,0.155631,68.693960,5.000000
-25.000000,55.000000,0.154969,81.591034,5.000000
-25.000000,60.000000,0.154984,81.591034,5.000000
-25.000000,65.000000,0.154934,94.520179,5.000000
-25.000000,70.000000,0.163791,110.110273,5.000000
-25.000000,75.000000,0.164701,128.696553,5.000000
-25.000000,80.000000,0.163955,124.678782,5.000000
-25.000000,85.000000,0.163951,124.678782,5.000000
-25.000000,90.000000,0.163945,124.678782,5.000000
-25.000000,95.000000,0.163869,124.678782,5.000000
-25.000000,100.000000,0.164067,112.178251,5.000000
-25.000000,105.000000,0.164078,112.178251,5.000000
-25.000000,110.000000,0.163996,99.200770,5.000000
-25.000000,115.000000,0.163984,99.200770,5.000000
-25.000000,120.000000,0.162709,81.277376,5.000000
-25.000000,125.000000,0.162599,81.277376,5.000000
-25.000000,130.000000,0.162609,91.038964,5.000000
-25.000000,135.000000,0.161637,74.390386,5.000000
-25.000000,140.000000,0.161048,80.911688,5.000000
-25.000000,145.000000,0.162059,84.812106,5.000000
-25.000000,150.000000,0.161182,87.798214,5.000000
-25.000000,155.000000,0.161080,79.934441,5.000000
-25.000000,160.000000,0.162022,79.934441,5.000000
-25.000000,165.000000,0.160989,94.091570,5.000000
-25.000000,170.000000,0.160400,86.557527,5.000000
-25.000000,175.000000,0.161457,100.822559,5.000000
-20.000000,-180.000000,0.161206,100.822559,5.000000
-20.000000,-175.000000,0.160411,106.186237,5.000000
-20.000000,-170.000000,0.160616,106.186237,5.000000
-20.000000,-165.000000,0.162187,110.648688,5.000000
-20.000000,-160.000000,0.162899,122.903551,5.000000
-20.000000,-155.000000,0.163454,122.903551,5.000000
-20.000000,-150.000000,0.164111,122.903551,5.000000
-20.000000,-145.000000,0.162014,112.504517,5.000000
-20.000000,-140.000000,0.163036,112.504517,5.000000
-20.000000,-135.000000,0.162650,112.504517,5.000000
-20.000000,-130.000000,0.162641,112.504517,5.000000
-20.000000,-125.000000,0.162823,112.504517,5.000000
-20.000000,-120.000000,0.162113,125.484440,5.000000
-20.000000,-115.000000,0.162105,125.484440,5.000000
-20.000000,-110.000000,0.162098,125.484440,5.000000
-20.000000,-105.000000,0.162816,105.216019,5.000000
-20.000000,-100.000000,0.162131,124.216345,5.000000
-20.000000,-95.000000,0.162017,124.216345,5.000000
-20.000000,-90.000000,0.162166,124.216345,5.000000
-20.000000,-85.000000,0.163033,117.881282,5.000000
-20.000000,-80.000000,0.162680,114.685851,5.000000
-20.000000,-75.000000,0.162415,114.685851,5.000000
-20.000000,-70.000000,0.163871,131.639332,5.000000
-20.000000,-65.000000,0.163689,132.449715,5.000000
-20.000000,-60.000000,0.164770,149.607628,5.000000
-20.000000,-55.000000,0.165081,137.031477,5.000000
-20.000000,-50.000000,0.163715,112.228241,5.000000
-20.000000,-45.000000,0.163981,115.113334,5.000000
-20.000000,-40.000000,0.164178,115.113334,5.000000
-20.000000,-35.000000,0.164033,113.377447,5.000000
-20.000000,-30.000000,0.163861,118.393103,5.000000
-20.000000,-25.000000,0.163644,107.894387,5.000000
-20.000000,-20.000000,0.163788,107.894387,5.000000
-20.000000,-15.000000,0.163806,107.894387,5.000000
-20.000000,-10.000000,0.163559,123.096050,5.000000
-20.000000,-5.000000,0.163063,104.387369,5.000000
-20.000000,0.000000,0.162776,104.387369,5.000000
-20.000000,5.000000,0.163362,104.387369,5.000000
-20.000000,10.000000,0.163256,90.026069,5.000000
-20.000000,15.000000,0.163428,90.026069,5.000000
-20.000000,20.000000,0.163477,91.041851,5.000000
-20.000000,25.000000,0.163493,91.041851,5.000000
-20.000000,30.000000,0.163210,91.041851,5.000000
-20.000000,35.000000,0.163471,77.927961,5.000000
-20.000000,40.000000,0.162956,77.927961,5.000000
-20.000000,45.000000,0.165057,81.855453,5.000000
-20.000000,50.000000,0.164671,100.868125,5.000000
-20.000000,55.000000,0.163464,92.203533,5.000000
-20.000000,60.000000,0.165054,113.765199,5.000000
-20.000000,65.000000,0.164324,113.765199,5.000000
-20.000000,70.000000,0.165322,145.799055,5.000000
-20.000000,75.000000,0.164958,159.752871,5.000000
-20.000000,80.000000,0.165822,159.752871,5.000000
-20.000000,85.000000,0.165129,155.735100,5.000000
-20.000000,90.000000,0.163219,124.678782,5.000000
-20.000000,95.000000,0.163211,124.678782,5.000000
-20.000000,100.000000,0.163341,124.678782,5.000000
-20.000000,105.000000,0.163908,112.178251,5.000000
-20.000000,110.000000,0.162938,112.178251,5.000000
-20.000000,115.000000,0.164884,99.200770,5.000000
-20.000000,120.000000,0.163453,96.857158,5.000000
-20.000000,125.000000,0.164254,113.872696,5.000000
-20.000000,130.000000,0.163311,108.515602,5.000000
-20.000000,135.000000,0.163672,91.269565,5.000000
-20.000000,140.000000,0.162385,92.052638,5.000000
-20.000000,145.000000,0.162438,94.653659,5.000000
-20.000000,150.000000,0.162425,94.653659,5.000000
-20.000000,155.000000,0.163165,94.653659,5.000000
-20.000000,160.000000,0.162091,95.368156,5.000000
-20.000000,165.000000,0.162677,100.947015,5.000000
-20.000000,170.000000,0.160999,90.391813,5.000000
-20.000000,175.000000,0.161222,100.822559,5.000000
-15.000000,-180.000000,0.161247,100.822559,5.000000
-15.000000,-175.000000,0.160455,106.186237,5.000000
-15.000000,-170.000000,0.162502,110.648688,5.000000
-15.000000,-165.000000,0.160943,110.648688,5.000000
-15.000000,-160.000000,0.162831,122.903551,5.000000
-15.000000,-155.000000,0.163488,122.903551,5.000000
-15.000000,-150.000000,0.163918,122.903551,5.000000
-15.000000,-145.000000,0.161758,112.504517,5.000000
-15.000000,-140.000000,0.161747,112.504517,5.000000
-15.000000,-135.000000,0.162697,112.504517,5.000000
-15.000000,-130.000000,0.162688,112.504517,5.000000
-15.000000,-125.000000,0.163100,102.182806,5.000000
-15.000000,-120.000000,0.163293,102.182806,5.000000
-15.000000,-115.000000,0.162150,125.484440,5.000000
-15.000000,-110.000000,0.161329,125.484440,5.000000
-15.000000,-105.000000,0.164203,148.061280,5.000000
-15.000000,-100.000000,0.163570,158.983514,5.000000
-15.000000,-95.000000,0.163566,158.983514,5.000000
-15.000000,-90.000000,0.163327,154.572277,5.000000
-15.000000,-85.000000,0.164183,181.704143,5.000000
-15.000000,-80.000000,0.164179,181.704143,5.000000
-15.000000,-75.000000,0.164384,178.823751,5.000000
-15.000000,-70.000000,0.164752,168.662396,5.000000
-15.000000,-65.000000,0.165149,181.106368,5.000000
-15.000000,-60.000000,0.164782,176.790247,5.000000
-15.000000,-55.000000,0.165631,162.020958,5.000000
-15.000000,-50.000000,0.164741,125.111285,5.000000
-15.000000,-45.000000,0.163372,113.615005,5.000000
-15.000000,-40.000000,0.164047,113.615005,5.000000
-15.000000,-35.000000,0.163736,118.630660,5.000000
-15.000000,-30.000000,0.163749,118.630660,5.000000
-15.000000,-25.000000,0.163214,107.894387,5.000000
-15.000000,-20.000000,0.163756,107.894387,5.000000
-15.000000,-15.000000,0.163526,123.096050,5.000000
-15.000000,-10.000000,0.163518,123.096050,5.000000
-15.000000,-5.000000,0.162348,104.387369,5.000000
-15.000000,0.000000,0.162828,104.387369,5.000000
-15.000000,5.000000,0.162983,90.026069,5.000000
-15.000000,10.000000,0.163312,90.026069,5.000000
-15.000000,15.000000,0.163331,90.026069,5.000000
-15.000000,20.000000,0.163531,91.041851,5.000000
-15.000000,25.000000,0.163547,91.041851,5.000000
-15.000000,30.000000,0.163264,91.041851,5.000000
-15.000000,35.000000,0.162998,77.927961,5.000000
-15.000000,40.000000,0.165197,81.855453,5.000000
-15.000000,45.000000,0.165098,81.855453,5.000000
-15.000000,50.000000,0.164691,84.964624,5.000000
-15.000000,55.000000,0.164345,100.868125,5.000000
-15.000000,60.000000,0.162864,113.765199,5.000000
-15.000000,65.000000,0.165236,131.549665,5.000000
-15.000000,70.000000,0.166201,155.423637,5.000000
-15.000000,75.000000,0.165719,180.436120,5.000000
-15.000000,80.000000,0.165567,181.997577,5.000000
-15.000000,85.000000,0.165567,177.979806,5.000000
-15.000000,90.000000,0.165353,155.735100,5.000000
-15.000000,95.000000,0.164856,155.735100,5.000000
-15.000000,100.000000,0.164844,155.735100,5.000000
-15.000000,105.000000,0.164999,136.277958,5.000000
-15.000000,110.000000,0.164533,136.277958,5.000000
-15.000000,115.000000,0.164844,149.189547,5.000000
-15.000000,120.000000,0.164990,136.885518,5.000000
-15.000000,125.000000,0.164883,130.081363,5.000000
-15.000000,130.000000,0.164821,127.845055,5.000000
-15.000000,135.000000,0.164793,126.219352,5.000000
-15.000000,140.000000,0.164501,135.761814,5.000000
-15.000000,145.000000,0.163796,111.382091,5.000000
-15.000000,150.000000,0.163578,111.382091,5.000000
-15.000000,155.000000,0.163147,94.653659,5.000000
-15.000000,160.000000,0.161336,95.368156,5.000000
-15.000000,165.000000,0.161459,100.947015,5.000000
-15.000000,170.000000,0.162278,111.377762,5.000000
-15.000000,175.000000,0.161261,100.822559,5.000000
-10.000000,-180.000000,0.161393,120.365171,5.000000
-10.000000,-175.000000,0.161381,120.365171,5.000000
-10.000000,-170.000000,0.162264,110.648688,5.000000
-10.000000,-165.000000,0.162589,116.943097,5.000000
-10.000000,-160.000000,0.162521,122.903551,5.000000
-10.000000,-155.000000,0.163158,122.903551,5.000000
-10.000000,-150.000000,0.163070,113.770275,5.000000
-10.000000,-145.000000,0.162925,113.770275,5.000000
-10.000000,-140.000000,0.162916,113.770275,5.000000
-10.000000,-135.000000,0.162726,112.504517,5.000000
-10.000000,-130.000000,0.161748,100.834137,5.000000
-10.000000,-125.000000,0.163130,102.182806,5.000000
-10.000000,-120.000000,0.163121,102.182806,5.000000
-10.000000,-115.000000,0.162783,109.981953,5.000000
-10.000000,-110.000000,0.163623,136.385438,5.000000
-10.000000,-105.000000,0.163301,161.193123,5.000000
-10.000000,-100.000000,0.164327,167.048973,5.000000
-10.000000,-95.000000,0.163610,172.119309,5.000000
-10.000000,-90.000000,0.164427,194.839938,5.000000
-10.000000,-85.000000,0.164292,194.839938,5.000000
-10.000000,-80.000000,0.164294,194.839938,5.000000
-10.000000,-75.000000,0.164800,212.304379,5.000000
-10.000000,-70.000000,0.165266,209.028032,5.000000
-10.000000,-65.000000,0.164942,199.772006,5.000000
-10.000000,-60.000000,0.165110,185.469431,5.000000
-10.000000,-55.000000,0.165056,184.208778,5.000000
-10.000000,-50.000000,0.164820,170.255676,5.000000
-10.000000,-45.000000,0.164578,136.910840,5.000000
-10.000000,-40.000000,0.164325,124.300888,5.000000
-10.000000,-35.000000,0.164429,124.300888,5.000000
-10.000000,-30.000000,0.163718,129.107742,5.000000
-10.000000,-25.000000,0.164054,113.564616,5.000000
-10.000000,-20.000000,0.164149,115.476170,5.000000
-10.000000,-15.000000,0.164177,115.476170,5.000000
-10.000000,-10.000000,0.164196,115.476170,5.000000
-10.000000,-5.000000,0.163769,107.915639,5.000000
-10.000000,0.000000,0.162345,90.026069,5.000000
-10.000000,5.000000,0.163024,90.026069,5.000000
-10.000000,10.000000,0.163044,90.026069,5.000000
-10.000000,15.000000,0.163048,90.026069,5.000000
-10.000000,20.000000,0.163541,90.026069,5.000000
-10.000000,25.000000,0.163584,91.041851,5.000000
-10.000000,30.000000,0.163568,77.927961,5.000000
-10.000000,35.000000,0.165210,81.855453,5.000000
-10.000000,40.000000,0.165227,81.855453,5.000000
-10.000000,45.000000,0.165054,81.855453,5.000000
-10.000000,50.000000,0.164342,84.964624,5.000000
-10.000000,55.000000,0.165843,118.652590,5.000000
-10.000000,60.000000,0.165395,118.652590,5.000000
-10.000000,65.000000,0.165383,155.423637,5.000000
-10.000000,70.000000,0.166207,155.423637,5.000000
-10.000000,75.000000,0.165716,176.629639,5.000000
-10.000000,80.000000,0.165565,181.997577,5.000000
-10.000000,85.000000,0.165806,181.997577,5.000000
-10.000000,90.000000,0.165551,177.979806,5.000000
-10.000000,95.000000,0.165538,177.979806,5.000000
-10.000000,100.000000,0.165520,177.979806,5.000000
-10.000000,105.000000,0.165040,155.735100,5.000000
-10.000000,110.000000,0.164503,147.082839,5.000000
-10.000000,115.000000,0.165268,167.093863,5.000000
-10.000000,120.000000,0.165321,159.412235,5.000000
-10.000000,125.000000,0.164992,157.666083,5.000000
-10.000000,130.000000,0.165250,178.604035,5.000000
-10.000000,135.000000,0.165254,178.604035,5.000000
-10.000000,140.000000,0.164475,155.694240,5.000000
-10.000000,145.000000,0.164625,149.956011,5.000000
-10.000000,150.000000,0.163972,140.599163,5.000000
-10.000000,155.000000,0.164674,132.968817,5.000000
-10.000000,160.000000,0.162535,116.240385,5.000000
-10.000000,165.000000,0.163666,128.353400,5.000000
-10.000000,170.000000,0.163751,136.469363,5.000000
-10.000000,175.000000,0.162413,130.920373,5.000000
-5.000000,-180.000000,0.164874,151.388907,5.000000
-5.000000,-175.000000,0.161188,124.674527,5.000000
-5.000000,-170.000000,0.162080,116.943097,5.000000
-5.000000,-165.000000,0.161830,116.943097,5.000000
-5.000000,-160.000000,0.161889,116.943097,5.000000
-5.000000,-155.000000,0.161702,113.770275,5.000000
-5.000000,-150.000000,0.162164,113.770275,5.000000
-5.000000,-145.000000,0.163472,113.770275,5.000000
-5.000000,-140.000000,0.163465,113.770275,5.000000
-5.000000,-135.000000,0.161333,100.834137,5.000000
-5.000000,-130.000000,0.163297,102.182806,5.000000
-5.000000,-125.000000,0.163145,102.182806,5.000000
-5.000000,-120.000000,0.164058,108.946682,5.000000
-5.000000,-115.000000,0.164427,108.946682,5.000000
-5.000000,-110.000000,0.164447,116.271166,5.000000
-5.000000,-105.000000,0.164493,151.614254,5.000000
-5.000000,-100.000000,0.164270,154.282742,5.000000
-5.000000,-95.000000,0.164368,171.529812,5.000000
-5.000000,-90.000000,0.164580,185.201370,5.000000
-5.000000,-85.000000,0.164466,194.839938,5.000000
-5.000000,-80.000000,0.164431,194.839938,5.000000
-5.000000,-75.000000,0.164207,194.839938,5.000000
-5.000000,-70.000000,0.165285,209.028032,5.000000
-5.000000,-65.000000,0.165068,205.543804,5.000000
-5.000000,-60.000000,0.165109,195.870834,5.000000
-5.000000,-55.000000,0.165154,195.747991,5.000000
-5.000000,-50.000000,0.165057,186.500174,5.000000
-5.000000,-45.000000,0.164567,159.417050,5.000000
-5.000000,-40.000000,0.164709,159.417050,5.000000
-5.000000,-35.000000,0.164565,141.926495,5.000000
-5.000000,-30.000000,0.164505,139.113469,5.000000
-5.000000,-25.000000,0.164147,128.766278,5.000000
-5.000000,-20.000000,0.164243,128.766278,5.000000
-5.000000,-15.000000,0.164217,128.766278,5.000000
-5.000000,-10.000000,0.164053,107.915639,5.000000
-5.000000,-5.000000,0.165520,98.703102,5.000000
-5.000000,0.000000,0.165754,83.940382,5.000000
-5.000000,5.000000,0.165039,87.317903,5.000000
-5.000000,10.000000,0.162411,90.026069,5.000000
-5.000000,15.000000,0.162431,90.026069,5.000000
-5.000000,20.000000,0.163253,90.026069,5.000000
-5.000000,25.000000,0.162897,91.041851,5.000000
-5.000000,30.000000,0.165074,76.978894,5.000000
-5.000000,35.000000,0.165043,81.855453,5.000000
-5.000000,40.000000,0.163407,81.855453,5.000000
-5.000000,45.000000,0.165635,86.222654,5.000000
-5.000000,50.000000,0.166030,86.222654,5.000000
-5.000000,55.000000,0.166086,102.651990,5.000000
-5.000000,60.000000,0.166326,122.523884,5.000000
-5.000000,65.000000,0.165761,161.652895,5.000000
-5.000000,70.000000,0.165375,155.423637,5.000000
-5.000000,75.000000,0.166495,164.599533,5.000000
-5.000000,80.000000,0.165611,184.776510,5.000000
-5.000000,85.000000,0.165582,181.997577,5.000000
-5.000000,90.000000,0.166130,181.997577,5.000000
-5.000000,95.000000,0.165531,177.979806,5.000000
-5.000000,100.000000,0.165516,177.979806,5.000000
-5.000000,105.000000,0.165312,183.929304,5.000000
-5.000000,110.000000,0.165410,189.884281,5.000000
-5.000000,115.000000,0.165498,189.884281,5.000000
-5.000000,120.000000,0.165529,182.521231,5.000000
-5.000000,125.000000,0.165249,184.753766,5.000000
-5.000000,130.000000,0.165510,180.657956,5.000000
-5.000000,135.000000,0.165646,178.604035,5.000000
-5.000000,140.000000,0.165545,178.604035,5.000000
-5.000000,145.000000,0.165434,162.560772,5.000000
-5.000000,150.000000,0.165711,168.527164,5.000000
-5.000000,155.000000,0.164420,147.888361,5.000000
-5.000000,160.000000,0.164497,147.888361,5.000000
-5.000000,165.000000,0.164354,143.272944,5.000000
-5.000000,170.000000,0.164877,151.388907,5.000000
-5.000000,175.000000,0.164882,151.388907,5.000000
0.000000,-180.000000,0.164461,147.128113,5.000000
0.000000,-175.000000,0.165182,147.128113,5.000000
0.000000,-170.000000,0.165235,131.122031,5.000000
0.000000,-165.000000,0.162134,116.943097,5.000000
0.000000,-160.000000,0.162016,116.943097,5.000000
0.000000,-155.000000,0.161782,113.770275,5.000000
0.000000,-150.000000,0.161358,113.770275,5.000000
0.000000,-145.000000,0.162914,113.770275,5.000000
0.000000,-140.000000,0.162985,113.770275,5.000000
0.000000,-135.000000,0.163382,103.448564,5.000000
0.000000,-130.000000,0.162278,103.448564,5.000000
0.000000,-125.000000,0.162456,108.946682,5.000000
0.000000,-120.000000,0.162057,108.946682,5.000000
0.000000,-115.000000,0.162510,116.271166,5.000000
0.000000,-110.000000,0.163273,128.312620,5.000000
0.000000,-105.000000,0.164094,154.228681,5.000000
0.000000,-100.000000,0.164651,165.918160,5.000000
0.000000,-95.000000,0.163909,159.853970,5.000000
0.000000,-90.000000,0.164312,171.529812,5.000000
0.000000,-85.000000,0.164428,185.201370,5.000000
0.000000,-80.000000,0.164949,185.201370,5.000000
0.000000,-75.000000,0.164495,194.839938,5.000000
0.000000,-70.000000,0.164158,192.010688,5.000000
0.000000,-65.000000,0.165100,202.714554,5.000000
0.000000,-60.000000,0.165067,189.839809,5.000000
0.000000,-55.000000,0.164978,190.112921,5.000000
0.000000,-50.000000,0.164883,183.613439,5.000000
0.000000,-45.000000,0.164643,171.782051,5.000000
0.000000,-40.000000,0.164470,159.417050,5.000000
0.000000,-35.000000,0.164626,159.417050,5.000000
0.000000,-30.000000,0.164743,159.417050,5.000000
0.000000,-25.000000,0.164791,154.315132,5.000000
0.000000,-20.000000,0.164084,128.766278,5.000000
0.000000,-15.000000,0.165750,107.340772,5.000000
0.000000,-10.000000,0.165938,98.703102,5.000000
0.000000,-5.000000,0.165810,83.940382,5.000000
0.000000,0.000000,0.165754,83.940382,5.000000
0.000000,5.000000,0.165760,83.940382,5.000000
0.000000,10.000000,0.164661,87.317903,5.000000
0.000000,15.000000,0.165062,87.317903,5.000000
0.000000,20.000000,0.163602,88.735104,5.000000
0.000000,25.000000,0.165477,87.786038,5.000000
0.000000,30.000000,0.165971,78.236924,5.000000
0.000000,35.000000,0.165876,78.236924,5.000000
0.000000,40.000000,0.165484,84.270341,5.000000
0.000000,45.000000,0.165880,86.125554,5.000000
0.000000,50.000000,0.166129,86.125554,5.000000
0.000000,55.000000,0.165830,102.651990,5.000000
0.000000,60.000000,0.166293,122.523884,5.000000
0.000000,65.000000,0.166257,153.800468,5.000000
0.000000,70.000000,0.166481,160.334979,5.000000
0.000000,75.000000,0.166320,174.518825,5.000000
0.000000,80.000000,0.166136,164.599533,5.000000
0.000000,85.000000,0.165586,184.776510,5.000000
0.000000,90.000000,0.165747,181.997577,5.000000
0.000000,95.000000,0.165348,181.855771,5.000000
0.000000,100.000000,0.165343,181.855771,5.000000
0.000000,105.000000,0.165927,198.254530,5.000000
0.000000,110.000000,0.165887,200.837679,5.000000
0.000000,115.000000,0.165891,206.950710,5.000000
0.000000,120.000000,0.165407,194.782786,5.000000
0.000000,125.000000,0.165625,196.642809,5.000000
0.000000,130.000000,0.165340,192.961985,5.000000
0.000000,135.000000,0.165469,182.675157,5.000000
0.000000,140.000000,0.165574,182.675157,5.000000
0.000000,145.000000,0.165642,188.237853,5.000000
0.000000,150.000000,0.165824,178.336514,5.000000
0.000000,155.000000,0.165054,168.527164,5.000000
0.000000,160.000000,0.164432,147.888361,5.000000
0.000000,165.000000,0.164781,153.467220,5.000000
0.000000,170.000000,0.164832,151.388907,5.000000
0.000000,175.000000,0.164862,151.388907,5.000000
5.000000,-180.000000,0.164367,147.128113,5.000000
5.000000,-175.000000,0.165548,147.128113,5.000000
5.000000,-170.000000,0.165133,131.122031,5.000000
5.000000,-165.000000,0.165320,131.122031,5.000000
5.000000,-160.000000,0.161997,116.943097,5.000000
5.000000,-155.000000,0.161763,113.770275,5.000000
5.000000,-150.000000,0.161338,113.770275,5.000000
5.000000,-145.000000,0.161601,113.770275,5.000000
5.000000,-140.000000,0.163237,103.448564,5.000000
5.000000,-135.000000,0.162813,94.199198,5.000000
5.000000,-130.000000,0.163435,110.212439,5.000000
5.000000,-125.000000,0.162613,107.431078,5.000000
5.000000,-120.000000,0.163846,114.755562,5.000000
5.000000,-115.000000,0.163862,119.583636,5.000000
5.000000,-110.000000,0.163860,119.583636,5.000000
5.000000,-105.000000,0.164318,139.948038,5.000000
5.000000,-100.000000,0.164720,150.415673,5.000000
5.000000,-95.000000,0.164345,165.918160,5.000000
5.000000,-90.000000,0.163910,159.853970,5.000000
5.000000,-85.000000,0.164362,156.406195,5.000000
5.000000,-80.000000,0.164589,171.661836,5.000000
5.000000,-75.000000,0.164428,185.201370,5.000000
5.000000,-70.000000,0.164224,180.637257,5.000000
5.000000,-65.000000,0.164577,165.849413,5.000000
5.000000,-60.000000,0.164814,169.268079,5.000000
5.000000,-55.000000,0.165040,182.223719,5.000000
5.000000,-50.000000,0.165100,183.613439,5.000000
5.000000,-45.000000,0.164887,183.613439,5.000000
5.000000,-40.000000,0.164389,159.417050,5.000000
5.000000,-35.000000,0.164489,159.417050,5.000000
5.000000,-30.000000,0.164645,159.417050,5.000000
5.000000,-25.000000,0.164471,154.315132,5.000000
5.000000,-20.000000,0.165573,107.340772,5.000000
5.000000,-15.000000,0.166017,98.703102,5.000000
5.000000,-10.000000,0.165878,83.940382,5.000000
5.000000,-5.000000,0.165832,83.940382,5.000000
5.000000,0.000000,0.165782,83.940382,5.000000
5.000000,5.000000,0.165811,83.940382,5.000000
5.000000,10.000000,0.165823,83.940382,5.000000
5.000000,15.000000,0.164105,85.531032,5.000000
5.000000,20.000000,0.166119,84.581965,5.000000
5.000000,25.000000,0.163640,85.552472,5.000000
5.000000,30.000000,0.163893,76.003357,5.000000
5.000000,35.000000,0.165472,80.253004,5.000000
5.000000,40.000000,0.165485,84.270341,5.000000
5.000000,45.000000,0.165879,86.125554,5.000000
5.000000,50.000000,0.166130,86.125554,5.000000
5.000000,55.000000,0.166178,86.125554,5.000000
5.000000,60.000000,0.166137,122.523884,5.000000
5.000000,65.000000,0.166196,153.800468,5.000000
5.000000,70.000000,0.166440,170.828791,5.000000
5.000000,75.000000,0.166320,174.518825,5.000000
5.000000,80.000000,0.166406,174.518825,5.000000
5.000000,85.000000,0.165876,182.665695,5.000000
5.000000,90.000000,0.165777,193.299295,5.000000
5.000000,95.000000,0.166222,190.520362,5.000000
5.000000,100.000000,0.165758,202.130495,5.000000
5.000000,105.000000,0.165740,202.130495,5.000000
5.000000,110.000000,0.165793,209.054034,5.000000
5.000000,115.000000,0.165784,207.184308,5.000000
5.000000,120.000000,0.165508,197.154088,5.000000
5.000000,125.000000,0.165442,184.651331,5.000000
5.000000,130.000000,0.165892,192.488899,5.000000
5.000000,135.000000,0.165480,192.488899,5.000000
5.000000,140.000000,0.165560,188.237853,5.000000
5.000000,145.000000,0.165478,178.336514,5.000000
5.000000,150.000000,0.165403,178.336514,5.000000
5.000000,155.000000,0.165438,178.336514,5.000000
5.000000,160.000000,0.165010,158.404088,5.000000
5.000000,165.000000,0.165374,153.788671,5.000000
5.000000,170.000000,0.164777,151.388907,5.000000
5.000000,175.000000,0.164345,147.128113,5.000000
10.000000,-180.000000,0.165435,147.128113,5.000000
10.000000,-175.000000,0.165458,147.128113,5.000000
10.000000,-170.000000,0.165117,131.122031,5.000000
10.000000,-165.000000,0.165219,131.122031,5.000000
10.000000,-160.000000,0.161964,116.943097,5.000000
10.000000,-155.000000,0.163688,120.519611,5.000000
10.000000,-150.000000,0.161916,104.520909,5.000000
10.000000,-145.000000,0.160865,85.459564,5.000000
10.000000,-140.000000,0.162197,80.847779,5.000000
10.000000,-135.000000,0.161998,80.847779,5.000000
10.000000,-130.000000,0.162585,97.386560,5.000000
10.000000,-125.000000,0.164574,92.882523,5.000000
10.000000,-120.000000,0.163057,89.948066,5.000000
10.000000,-115.000000,0.164947,110.098430,5.000000
10.000000,-110.000000,0.163847,119.583636,5.000000
10.000000,-105.000000,0.164204,134.559547,5.000000
10.000000,-100.000000,0.164279,143.580538,5.000000
10.000000,-95.000000,0.164411,146.249026,5.000000
10.000000,-90.000000,0.164386,151.105020,5.000000
10.000000,-85.000000,0.164526,149.241328,5.000000
10.000000,-80.000000,0.164356,143.177138,5.000000
10.000000,-75.000000,0.164316,139.196890,5.000000
10.000000,-70.000000,0.164342,138.854907,5.000000
10.000000,-65.000000,0.163907,146.059283,5.000000
10.000000,-60.000000,0.164260,156.005828,5.000000
10.000000,-55.000000,0.164690,169.438595,5.000000
10.000000,-50.000000,0.164726,169.782069,5.000000
10.000000,-45.000000,0.164837,170.828316,5.000000
10.000000,-40.000000,0.164638,171.248438,5.000000
10.000000,-35.000000,0.164378,159.417050,5.000000
10.000000,-30.000000,0.164506,159.417050,5.000000
10.000000,-25.000000,0.164010,119.948437,5.000000
10.000000,-20.000000,0.164610,100.136717,5.000000
10.000000,-15.000000,0.165567,84.335078,5.000000
10.000000,-10.000000,0.164615,85.342018,5.000000
10.000000,-5.000000,0.164537,85.342018,5.000000
10.000000,0.000000,0.164468,85.342018,5.000000
10.000000,5.000000,0.164468,85.342018,5.000000
10.000000,10.000000,0.164774,85.342018,5.000000
10.000000,15.000000,0.164930,84.605102,5.000000
10.000000,20.000000,0.164503,84.581965,5.000000
10.000000,25.000000,0.165067,66.355055,5.000000
10.000000,30.000000,0.164389,76.003357,5.000000
10.000000,35.000000,0.165252,80.253004,5.000000
10.000000,40.000000,0.165998,78.139824,5.000000
10.000000,45.000000,0.165483,84.270341,5.000000
10.000000,50.000000,0.166120,86.125554,5.000000
10.000000,55.000000,0.166148,86.125554,5.000000
10.000000,60.000000,0.165850,121.778323,5.000000
10.000000,65.000000,0.166354,141.650217,5.000000
10.000000,70.000000,0.165840,170.828791,5.000000
10.000000,75.000000,0.166317,174.518825,5.000000
10.000000,80.000000,0.166475,174.518825,5.000000
10.000000,85.000000,0.166579,174.518825,5.000000
10.000000,90.000000,0.165477,182.595488,5.000000
10.000000,95.000000,0.165432,189.475838,5.000000
10.000000,100.000000,0.165740,202.130495,5.000000
10.000000,105.000000,0.165577,209.054034,5.000000
10.000000,110.000000,0.165735,209.054034,5.000000
10.000000,115.000000,0.165553,187.931225,5.000000
10.000000,120.000000,0.165328,174.199823,5.000000
10.000000,125.000000,0.165317,165.398248,5.000000
10.000000,130.000000,0.165422,180.397111,5.000000
10.000000,135.000000,0.165427,188.787718,5.000000
10.000000,140.000000,0.165557,192.845464,5.000000
10.000000,145.000000,0.164320,173.188422,5.000000
10.000000,150.000000,0.164332,173.188422,5.000000
10.000000,155.000000,0.164772,173.188422,5.000000
10.000000,160.000000,0.164762,173.188422,5.000000
10.000000,165.000000,0.164209,153.255996,5.000000
10.000000,170.000000,0.164069,155.728715,5.000000
10.000000,175.000000,0.164238,147.128113,5.000000
15.000000,-180.000000,0.164977,147.128113,5.000000
15.000000,-175.000000,0.165034,147.128113,5.000000
15.000000,-170.000000,0.165438,147.128113,5.000000
15.000000,-165.000000,0.164820,131.122031,5.000000
15.000000,-160.000000,0.158445,104.620531,5.000000
15.000000,-155.000000,0.161657,91.169490,5.000000
15.000000,-150.000000,0.161957,91.169490,5.000000
15.000000,-145.000000,0.160769,72.033069,5.000000
15.000000,-140.000000,0.163039,80.847779,5.000000
15.000000,-135.000000,0.161791,80.847779,5.000000
15.000000,-130.000000,0.161891,89.842500,5.000000
15.000000,-125.000000,0.164123,89.948066,5.000000
15.000000,-120.000000,0.163027,89.948066,5.000000
15.000000,-115.000000,0.163565,110.098430,5.000000
15.000000,-110.000000,0.163825,119.583636,5.000000
15.000000,-105.000000,0.163961,119.583636,5.000000
15.000000,-100.000000,0.164186,143.580538,5.000000
15.000000,-95.000000,0.164564,146.249026,5.000000
15.000000,-90.000000,0.164530,151.105020,5.000000
15.000000,-85.000000,0.164688,149.241328,5.000000
15.000000,-80.000000,0.164302,142.917898,5.000000
15.000000,-75.000000,0.163871,137.683847,5.000000
15.000000,-70.000000,0.163887,138.854907,5.000000
15.000000,-65.000000,0.164554,153.175058,5.000000
15.000000,-60.000000,0.164222,156.005828,5.000000
15.000000,-55.000000,0.164327,156.005828,5.000000
15.000000,-50.000000,0.164628,169.438595,5.000000
15.000000,-45.000000,0.164578,169.782069,5.000000
15.000000,-40.000000,0.164638,170.828316,5.000000
15.000000,-35.000000,0.164803,164.720558,5.000000
15.000000,-30.000000,0.163973,122.372381,5.000000
15.000000,-25.000000,0.164193,119.948437,5.000000
15.000000,-20.000000,0.165249,85.373997,5.000000
15.000000,-15.000000,0.164549,85.373997,5.000000
15.000000,-10.000000,0.164582,85.342018,5.000000
15.000000,-5.000000,0.164504,85.342018,5.000000
15.000000,0.000000,0.164433,85.342018,5.000000
15.000000,5.000000,0.164848,85.342018,5.000000
15.000000,10.000000,0.165150,85.342018,5.000000
15.000000,15.000000,0.165206,84.605102,5.000000
15.000000,20.000000,0.163416,62.388859,5.000000
15.000000,25.000000,0.165254,66.355055,5.000000
15.000000,30.000000,0.164747,71.173789,5.000000
15.000000,35.000000,0.164317,71.173789,5.000000
15.000000,40.000000,0.165508,80.253004,5.000000
15.000000,45.000000,0.165459,84.270341,5.000000
15.000000,50.000000,0.166159,86.125554,5.000000
15.000000,55.000000,0.165301,87.379512,5.000000
15.000000,60.000000,0.165792,121.778323,5.000000
15.000000,65.000000,0.165800,132.987327,5.000000
15.000000,70.000000,0.165963,158.066724,5.000000
15.000000,75.000000,0.165692,170.828791,5.000000
15.000000,80.000000,0.166465,174.518825,5.000000
15.000000,85.000000,0.165583,173.181604,5.000000
15.000000,90.000000,0.166280,173.181604,5.000000
15.000000,95.000000,0.164665,166.421870,5.000000
15.000000,100.000000,0.164568,170.699975,5.000000
15.000000,105.000000,0.164781,170.699975,5.000000
15.000000,110.000000,0.164591,151.787628,5.000000
15.000000,115.000000,0.164413,151.251687,5.000000
15.000000,120.000000,0.164119,154.739711,5.000000
15.000000,125.000000,0.164209,154.739711,5.000000
15.000000,130.000000,0.165633,155.088252,5.000000
15.000000,135.000000,0.163673,160.452489,5.000000
15.000000,140.000000,0.165159,162.890065,5.000000
15.000000,145.000000,0.165225,173.188422,5.000000
15.000000,150.000000,0.164763,173.188422,5.000000
15.000000,155.000000,0.165231,173.188422,5.000000
15.000000,160.000000,0.165222,173.188422,5.000000
15.000000,165.000000,0.165214,173.188422,5.000000
15.000000,170.000000,0.164941,158.128479,5.000000
15.000000,175.000000,0.163764,146.595439,5.000000
20.000000,-180.000000,0.164511,146.595439,5.000000
20.000000,-175.000000,0.158651,128.056210,5.000000
20.000000,-170.000000,0.160993,128.056210,5.000000
20.000000,-165.000000,0.162756,112.050127,5.000000
20.000000,-160.000000,0.161015,88.096289,5.000000
20.000000,-155.000000,0.160802,72.033069,5.000000
20.000000,-150.000000,0.160681,72.033069,5.000000
20.000000,-145.000000,0.161287,72.033069,5.000000
20.000000,-140.000000,0.162275,73.228642,5.000000
20.000000,-135.000000,0.161261,73.228642,5.000000
20.000000,-130.000000,0.163091,85.338463,5.000000
20.000000,-125.000000,0.162114,85.338463,5.000000
20.000000,-120.000000,0.163080,89.948066,5.000000
20.000000,-115.000000,0.162990,89.948066,5.000000
20.000000,-110.000000,0.164181,96.352413,5.000000
20.000000,-105.000000,0.163799,119.583636,5.000000
20.000000,-100.000000,0.163905,130.924910,5.000000
20.000000,-95.000000,0.164203,133.971644,5.000000
20.000000,-90.000000,0.164196,143.334947,5.000000
20.000000,-85.000000,0.164482,141.471254,5.000000
20.000000,-80.000000,0.164274,133.515776,5.000000
20.000000,-75.000000,0.163974,129.913773,5.000000
20.000000,-70.000000,0.163981,129.913773,5.000000
20.000000,-65.000000,0.162896,138.219996,5.000000
20.000000,-60.000000,0.163723,138.219996,5.000000
20.000000,-55.000000,0.163199,141.050765,5.000000
20.000000,-50.000000,0.163653,141.050765,5.000000
20.000000,-45.000000,0.162950,154.483533,5.000000
20.000000,-40.000000,0.164957,170.163649,5.000000
20.000000,-35.000000,0.164363,150.391237,5.000000
20.000000,-30.000000,0.162927,96.849337,5.000000
20.000000,-25.000000,0.162962,85.438509,5.000000
20.000000,-20.000000,0.162336,85.438509,5.000000
20.000000,-15.000000,0.163834,85.373997,5.000000
20.000000,-10.000000,0.164370,62.611805,5.000000
20.000000,-5.000000,0.164158,85.342018,5.000000
20.000000,0.000000,0.164125,85.342018,5.000000
20.000000,5.000000,0.163480,65.622386,5.000000
20.000000,10.000000,0.164649,65.622386,5.000000
20.000000,15.000000,0.161977,67.341503,5.000000
20.000000,20.000000,0.162243,62.517327,5.000000
20.000000,25.000000,0.162219,61.473030,5.000000
20.000000,30.000000,0.162877,69.249408,5.000000
20.000000,35.000000,0.164278,71.173789,5.000000
20.000000,40.000000,0.165433,73.310255,5.000000
20.000000,45.000000,0.165476,84.270341,5.000000
20.000000,50.000000,0.165708,89.928506,5.000000
20.000000,55.000000,0.165811,89.928506,5.000000
20.000000,60.000000,0.165493,84.351898,5.000000
20.000000,65.000000,0.166132,132.987327,5.000000
20.000000,70.000000,0.165895,159.321425,5.000000
20.000000,75.000000,0.165785,159.321425,5.000000
20.000000,80.000000,0.165828,167.731046,5.000000
20.000000,85.000000,0.165488,166.393825,5.000000
20.000000,90.000000,0.165798,166.393825,5.000000
20.000000,95.000000,0.164486,148.321785,5.000000
20.000000,100.000000,0.163821,139.103069,5.000000
20.000000,105.000000,0.163485,138.937404,5.000000
20.000000,110.000000,0.163503,138.937404,5.000000
20.000000,115.000000,0.162748,153.612083,5.000000
20.000000,120.000000,0.163131,154.696312,5.000000
20.000000,125.000000,0.164128,154.426460,5.000000
20.000000,130.000000,0.163740,154.426460,5.000000
20.000000,135.000000,0.163168,160.139239,5.000000
20.000000,140.000000,0.164922,158.255363,5.000000
20.000000,145.000000,0.164217,162.716805,5.000000
20.000000,150.000000,0.164247,162.716805,5.000000
20.000000,155.000000,0.165210,173.188422,5.000000
20.000000,160.000000,0.158459,140.230634,5.000000
20.000000,165.000000,0.158444,140.230634,5.000000
20.000000,170.000000,0.158431,140.230634,5.000000
20.000000,175.000000,0.158368,126.160491,5.000000
25.000000,-180.000000,0.158132,109.712222,5.000000
25.000000,-175.000000,0.154914,83.614417,5.000000
25.000000,-170.000000,0.155077,83.614417,5.000000
25.000000,-165.000000,0.157777,59.379937,5.000000
25.000000,-160.000000,0.160147,61.941347,5.000000
25.000000,-155.000000,0.159439,61.941347,5.000000
25.000000,-150.000000,0.158965,64.646052,5.000000
25.000000,-145.000000,0.158968,64.646052,5.000000
25.000000,-140.000000,0.158935,64.646052,5.000000
25.000000,-135.000000,0.158845,64.646052,5.000000
25.000000,-130.000000,0.161854,68.724606,5.000000
25.000000,-125.000000,0.163327,85.338463,5.000000
25.000000,-120.000000,0.162063,85.338463,5.000000
25.000000,-115.000000,0.163011,89.948066,5.000000
25.000000,-110.000000,0.164148,96.352413,5.000000
25.000000,-105.000000,0.163625,105.837619,5.000000
25.000000,-100.000000,0.163495,117.773889,5.000000
25.000000,-95.000000,0.163145,121.561879,5.000000
25.000000,-90.000000,0.163065,114.532387,5.000000
25.000000,-85.000000,0.163560,123.332989,5.000000
25.000000,-80.000000,0.162763,115.755756,5.000000
25.000000,-75.000000,0.163833,124.102075,5.000000
25.000000,-70.000000,0.162929,123.726404,5.000000
25.000000,-65.000000,0.163832,127.425074,5.000000
25.000000,-60.000000,0.163457,129.591177,5.000000
25.000000,-55.000000,0.163460,129.591177,5.000000
25.000000,-50.000000,0.159307,119.754680,5.000000
25.000000,-45.000000,0.160640,119.754680,5.000000
25.000000,-40.000000,0.160102,105.355316,5.000000
25.000000,-35.000000,0.158455,74.751549,5.000000
25.000000,-30.000000,0.161478,62.629870,5.000000
25.000000,-25.000000,0.161492,62.629870,5.000000
25.000000,-20.000000,0.164567,62.274897,5.000000
25.000000,-15.000000,0.164226,62.274897,5.000000
25.000000,-10.000000,0.162759,62.274897,5.000000
25.000000,-5.000000,0.163972,62.611805,5.000000
25.000000,0.000000,0.163438,65.622386,5.000000
25.000000,5.000000,0.164603,65.622386,5.000000
25.000000,10.000000,0.161895,67.220278,5.000000
25.000000,15.000000,0.161297,67.325609,5.000000
25.000000,20.000000,0.163180,60.457248,5.000000
25.000000,25.000000,0.161490,63.351601,5.000000
25.000000,30.000000,0.161746,63.223133,5.000000
25.000000,35.000000,0.162726,69.249408,5.000000
25.000000,40.000000,0.164182,71.173789,5.000000
25.000000,45.000000,0.164989,76.740598,5.000000
25.000000,50.000000,0.165612,82.398763,5.000000
25.000000,55.000000,0.165797,78.268371,5.000000
25.000000,60.000000,0.164697,68.430815,5.000000
25.000000,65.000000,0.165451,108.380465,5.000000
25.000000,70.000000,0.165820,153.422348,5.000000
25.000000,75.000000,0.165167,149.120805,5.000000
25.000000,80.000000,0.165261,152.810839,5.000000
25.000000,85.000000,0.165386,166.393825,5.000000
25.000000,90.000000,0.165854,166.393825,5.000000
25.000000,95.000000,0.162188,131.031957,5.000000
25.000000,100.000000,0.162708,131.031957,5.000000
25.000000,105.000000,0.161778,130.866293,5.000000
25.000000,110.000000,0.161285,126.992356,5.000000
25.000000,115.000000,0.162256,148.450478,5.000000
25.000000,120.000000,0.163348,154.117154,5.000000
25.000000,125.000000,0.162155,142.473738,5.000000
25.000000,130.000000,0.162431,139.986561,5.000000
25.000000,135.000000,0.161259,134.679164,5.000000
25.000000,140.000000,0.160496,124.343280,5.000000
25.000000,145.000000,0.161733,144.394622,5.000000
25.000000,150.000000,0.161246,145.103038,5.000000
25.000000,155.000000,0.158214,140.230634,5.000000
25.000000,160.000000,0.160617,140.230634,5.000000
25.000000,165.000000,0.156183,118.151948,5.000000
25.000000,170.000000,0.156289,118.312823,5.000000
25.000000,175.000000,0.158056,126.160491,5.000000
30.000000,-180.000000,0.153613,57.206566,5.000000
30.000000,-175.000000,0.153192,57.206566,5.000000
30.000000,-170.000000,0.153200,57.206566,5.000000
30.000000,-165.000000,0.154196,56.899600,5.000000
30.000000,-160.000000,0.158197,62.189253,5.000000
30.000000,-155.000000,0.158283,61.572851,5.000000
30.000000,-150.000000,0.159063,64.646052,5.000000
30.000000,-145.000000,0.158870,64.646052,5.000000
30.000000,-140.000000,0.158740,64.646052,5.000000
30.000000,-135.000000,0.157563,57.466304,5.000000
30.000000,-130.000000,0.161583,60.142015,5.000000
30.000000,-125.000000,0.162457,68.724606,5.000000
30.000000,-120.000000,0.163032,73.409285,5.000000
30.000000,-115.000000,0.162589,72.630724,5.000000
30.000000,-110.000000,0.163720,88.643966,5.000000
30.000000,-105.000000,0.163355,71.702301,5.000000
30.000000,-100.000000,0.161957,89.141818,5.000000
30.000000,-95.000000,0.161819,96.319110,5.000000
30.000000,-90.000000,0.161159,91.542032,5.000000
30.000000,-85.000000,0.161364,97.978658,5.000000
30.000000,-80.000000,0.161405,101.980825,5.000000
30.000000,-75.000000,0.162012,101.980825,5.000000
30.000000,-70.000000,0.161789,104.199318,5.000000
30.000000,-65.000000,0.161835,108.388154,5.000000
30.000000,-60.000000,0.161001,102.844870,5.000000
30.000000,-55.000000,0.159673,101.150963,5.000000
30.000000,-50.000000,0.157037,85.202597,5.000000
30.000000,-45.000000,0.157615,85.202597,5.000000
30.000000,-40.000000,0.158867,84.033902,5.000000
30.000000,-35.000000,0.160822,60.763924,5.000000
30.000000,-30.000000,0.163072,62.629870,5.000000
30.000000,-25.000000,0.163082,62.629870,5.000000
30.000000,-20.000000,0.161471,62.629870,5.000000
30.000000,-15.000000,0.162364,66.029154,5.000000
30.000000,-10.000000,0.161678,66.029154,5.000000
30.000000,-5.000000,0.162068,65.595755,5.000000
30.000000,0.000000,0.163004,68.975224,5.000000
30.000000,5.000000,0.162644,69.550091,5.000000
30.000000,10.000000,0.163628,67.220278,5.000000
30.000000,15.000000,0.163952,67.044317,5.000000
30.000000,20.000000,0.160841,65.164847,5.000000
30.000000,25.000000,0.162294,63.351601,5.000000
30.000000,30.000000,0.160973,63.351601,5.000000
30.000000,35.000000,0.161924,61.937349,5.000000
30.000000,40.000000,0.164926,65.583093,5.000000
30.000000,45.000000,0.164258,69.144990,5.000000
30.000000,50.000000,0.163850,68.285768,5.000000
30.000000,55.000000,0.164641,61.612548,5.000000
30.000000,60.000000,0.163623,58.238468,5.000000
30.000000,65.000000,0.162663,65.456218,5.000000
30.000000,70.000000,0.164723,106.211763,5.000000
30.000000,75.000000,0.164340,128.274213,5.000000
30.000000,80.000000,0.165740,152.810839,5.000000
30.000000,85.000000,0.165677,157.650271,5.000000
30.000000,90.000000,0.163666,135.784453,5.000000
30.000000,95.000000,0.161028,99.594997,5.000000
30.000000,100.000000,0.160405,100.654143,5.000000
30.000000,105.000000,0.160670,111.944169,5.000000
30.000000,110.000000,0.160523,108.235347,5.000000
30.000000,115.000000,0.160309,106.244130,5.000000
30.000000,120.000000,0.160414,120.607639,5.000000
30.000000,125.000000,0.160920,126.806431,5.000000
30.000000,130.000000,0.160491,122.186399,5.000000
30.000000,135.000000,0.160192,112.743947,5.000000
30.000000,140.000000,0.159032,105.330123,5.000000
30.000000,145.000000,0.155656,83.599977,5.000000
30.000000,150.000000,0.155278,76.594719,5.000000
30.000000,155.000000,0.157624,96.646061,5.000000
30.000000,160.000000,0.161117,118.151948,5.000000
30.000000,165.000000,0.155242,92.341210,5.000000
30.000000,170.000000,0.154896,92.341210,5.000000
30.000000,175.000000,0.153745,73.895631,5.000000
35.000000,-180.000000,0.152330,47.394131,5.000000
35.000000,-175.000000,0.153047,57.206566,5.000000
35.000000,-170.000000,0.153064,57.206566,5.000000
35.000000,-165.000000,0.153933,56.899600,5.000000
35.000000,-160.000000,0.154434,56.913373,5.000000
35.000000,-155.000000,0.157579,63.325491,5.000000
35.000000,-150.000000,0.157562,63.768420,5.000000
35.000000,-145.000000,0.157628,64.331730,5.000000
35.000000,-140.000000,0.157542,57.466304,5.000000
35.000000,-135.000000,0.157465,57.466304,5.000000
35.000000,-130.000000,0.157487,57.466304,5.000000
35.000000,-125.000000,0.158546,55.821235,5.000000
35.000000,-120.000000,0.161763,58.551120,5.000000
35.000000,-115.000000,0.160752,57.468213,5.000000
35.000000,-110.000000,0.162856,57.570976,5.000000
35.000000,-105.000000,0.163364,63.614431,5.000000
35.000000,-100.000000,0.160986,74.704038,5.000000
35.000000,-95.000000,0.160521,85.301371,5.000000
35.000000,-90.000000,0.160815,87.660765,5.000000
35.000000,-85.000000,0.161066,89.592188,5.000000
35.000000,-80.000000,0.159073,80.632011,5.000000
35.000000,-75.000000,0.159396,80.632011,5.000000
35.000000,-70.000000,0.160520,89.673447,5.000000
35.000000,-65.000000,0.160066,89.018084,5.000000
35.000000,-60.000000,0.157828,77.060006,5.000000
35.000000,-55.000000,0.154643,68.868809,5.000000
35.000000,-50.000000,0.154977,68.868809,5.000000
35.000000,-45.000000,0.154565,68.543790,5.000000
35.000000,-40.000000,0.157463,71.293398,5.000000
35.000000,-35.000000,0.157812,59.821768,5.000000
35.000000,-30.000000,0.159300,60.763924,5.000000
35.000000,-25.000000,0.162548,61.251506,5.000000
35.000000,-20.000000,0.162557,61.251506,5.000000
35.000000,-15.000000,0.161593,61.251506,5.000000
35.000000,-10.000000,0.164134,62.336872,5.000000
35.000000,-5.000000,0.161298,69.275159,5.000000
35.000000,0.000000,0.161557,71.717600,5.000000
35.000000,5.000000,0.163167,73.080069,5.000000
35.000000,10.000000,0.160099,73.726904,5.000000
35.000000,15.000000,0.159426,72.634908,5.000000
35.000000,20.000000,0.161062,66.610196,5.000000
35.000000,25.000000,0.159412,64.413319,5.000000
35.000000,30.000000,0.160944,64.393381,5.000000
35.000000,35.000000,0.163644,61.937349,5.000000
35.000000,40.000000,0.163353,62.696428,5.000000
35.000000,45.000000,0.161852,63.558151,5.000000
35.000000,50.000000,0.163805,58.651966,5.000000
35.000000,55.000000,0.163928,53.683080,5.000000
35.000000,60.000000,0.161364,49.542128,5.000000
35.000000,65.000000,0.160766,55.417183,5.000000
35.000000,70.000000,0.161808,80.468538,5.000000
35.000000,75.000000,0.160919,82.724892,5.000000
35.000000,80.000000,0.162245,94.639038,5.000000
35.000000,85.000000,0.160976,94.350964,5.000000
35.000000,90.000000,0.162181,89.535430,5.000000
35.000000,95.000000,0.159777,78.897359,5.000000
35.000000,100.000000,0.159814,78.897359,5.000000
35.000000,105.000000,0.160207,72.836014,5.000000
35.000000,110.000000,0.159923,80.468522,5.000000
35.000000,115.000000,0.159259,87.674622,5.000000
35.000000,120.000000,0.159396,86.284343,5.000000
35.000000,125.000000,0.159350,84.745495,5.000000
35.000000,130.000000,0.158094,86.206598,5.000000
35.000000,135.000000,0.158991,94.079331,5.000000
35.000000,140.000000,0.156016,84.144797,5.000000
35.000000,145.000000,0.154861,77.895564,5.000000
35.000000,150.000000,0.153755,73.023160,5.000000
35.000000,155.000000,0.154039,70.674449,5.000000
35.000000,160.000000,0.153832,67.769794,5.000000
35.000000,165.000000,0.154560,67.769794,5.000000
35.000000,170.000000,0.151866,49.324215,5.000000
35.000000,175.000000,0.153661,47.394131,5.000000
40.000000,-180.000000,0.151965,47.394131,5.000000
40.000000,-175.000000,0.152177,47.394131,5.000000
40.000000,-170.000000,0.154335,56.899600,5.000000
40.000000,-165.000000,0.153853,56.899600,5.000000
40.000000,-160.000000,0.154674,56.913373,5.000000
40.000000,-155.000000,0.155583,61.746323,5.000000
40.000000,-150.000000,0.156413,56.377863,5.000000
40.000000,-145.000000,0.156260,58.850448,5.000000
40.000000,-140.000000,0.158283,59.293378,5.000000
40.000000,-135.000000,0.156753,59.293378,5.000000
40.000000,-130.000000,0.158960,57.466304,5.000000
40.000000,-125.000000,0.157909,57.466304,5.000000
40.000000,-120.000000,0.158552,55.821235,5.000000
40.000000,-115.000000,0.158918,51.299891,5.000000
40.000000,-110.000000,0.162982,53.483335,5.000000
40.000000,-105.000000,0.159891,52.003270,5.000000
40.000000,-100.000000,0.158650,69.437829,5.000000
40.000000,-95.000000,0.158261,72.600826,5.000000
40.000000,-90.000000,0.158771,72.600826,5.000000
40.000000,-85.000000,0.157564,66.016793,5.000000
40.000000,-80.000000,0.158007,72.162924,5.000000
40.000000,-75.000000,0.157221,72.201822,5.000000
40.000000,-70.000000,0.157491,71.546459,5.000000
40.000000,-65.000000,0.155815,73.272284,5.000000
40.000000,-60.000000,0.154706,68.868809,5.000000
40.000000,-55.000000,0.155747,68.868809,5.000000
40.000000,-50.000000,0.155374,68.543790,5.000000
40.000000,-45.000000,0.156351,68.543790,5.000000
40.000000,-40.000000,0.157774,58.688169,5.000000
40.000000,-35.000000,0.158400,59.821768,5.000000
40.000000,-30.000000,0.157066,62.090796,5.000000
40.000000,-25.000000,0.159820,62.578378,5.000000
40.000000,-20.000000,0.158406,62.578378,5.000000
40.000000,-15.000000,0.160742,65.179211,5.000000
40.000000,-10.000000,0.159459,67.849961,5.000000
40.000000,-5.000000,0.159912,67.252766,5.000000
40.000000,0.000000,0.159748,73.381411,5.000000
40.000000,5.000000,0.159969,72.548392,5.000000
40.000000,10.000000,0.159377,73.874652,5.000000
40.000000,15.000000,0.158809,76.660389,5.000000
40.000000,20.000000,0.159175,70.026979,5.000000
40.000000,25.000000,0.158433,68.374569,5.000000
40.000000,30.000000,0.160298,63.641854,5.000000
40.000000,35.000000,0.159410,66.914879,5.000000
40.000000,40.000000,0.159675,73.390664,5.000000
40.000000,45.000000,0.158684,69.760230,5.000000
40.000000,50.000000,0.158838,63.343423,5.000000
40.000000,55.000000,0.160143,57.408201,5.000000
40.000000,60.000000,0.159022,54.163229,5.000000
40.000000,65.000000,0.159587,59.269679,5.000000
40.000000,70.000000,0.158902,61.526033,5.000000
40.000000,75.000000,0.158912,61.526033,5.000000
40.000000,80.000000,0.161029,82.436818,5.000000
40.000000,85.000000,0.159261,61.462127,5.000000
40.000000,90.000000,0.158456,54.332659,5.000000
40.000000,95.000000,0.156638,51.945398,5.000000
40.000000,100.000000,0.158719,54.530105,5.000000
40.000000,105.000000,0.158741,54.530105,5.000000
40.000000,110.000000,0.157847,58.657861,5.000000
40.000000,115.000000,0.158235,59.145425,5.000000
40.000000,120.000000,0.158447,63.988376,5.000000
40.000000,125.000000,0.156786,69.111199,5.000000
40.000000,130.000000,0.154978,66.604799,5.000000
40.000000,135.000000,0.154442,67.535653,5.000000
40.000000,140.000000,0.156626,67.535653,5.000000
40.000000,145.000000,0.154991,73.023160,5.000000
40.000000,150.000000,0.156491,73.023160,5.000000
40.000000,155.000000,0.155761,68.153739,5.000000
40.000000,160.000000,0.152191,49.324215,5.000000
40.000000,165.000000,0.151663,49.324215,5.000000
40.000000,170.000000,0.151683,49.324215,5.000000
40.000000,175.000000,0.153495,47.394131,5.000000
45.000000,-180.000000,0.151998,47.394131,5.000000
45.000000,-175.000000,0.152550,45.740178,5.000000
45.000000,-170.000000,0.153329,45.433212,5.000000
45.000000,-165.000000,0.152969,45.433212,5.000000
45.000000,-160.000000,0.153720,45.446985,5.000000
45.000000,-155.000000,0.154492,51.875020,5.000000
45.000000,-150.000000,0.155344,54.566575,5.000000
45.000000,-145.000000,0.156133,56.377863,5.000000
45.000000,-140.000000,0.157595,58.850448,5.000000
45.000000,-135.000000,0.156402,58.850448,5.000000
45.000000,-130.000000,0.157583,57.893681,5.000000
45.000000,-125.000000,0.156781,57.893681,5.000000
45.000000,-120.000000,0.157532,54.107216,5.000000
45.000000,-115.000000,0.158279,51.215221,5.000000
45.000000,-110.000000,0.158373,48.801590,5.000000
45.000000,-105.000000,0.157913,50.501796,5.000000
45.000000,-100.000000,0.155804,57.141814,5.000000
45.000000,-95.000000,0.156979,60.373918,5.000000
45.000000,-90.000000,0.156551,59.535556,5.000000
45.000000,-85.000000,0.156960,63.190641,5.000000
45.000000,-80.000000,0.156209,59.208684,5.000000
45.000000,-75.000000,0.156438,64.022744,5.000000
45.000000,-70.000000,0.155379,60.992073,5.000000
45.000000,-65.000000,0.154930,57.294978,5.000000
45.000000,-60.000000,0.153172,56.263579,5.000000
45.000000,-55.000000,0.153474,56.263579,5.000000
45.000000,-50.000000,0.154054,56.263579,5.000000
45.000000,-45.000000,0.154064,56.263579,5.000000
45.000000,-40.000000,0.153128,50.330234,5.000000
45.000000,-35.000000,0.154120,53.474849,5.000000
45.000000,-30.000000,0.159325,62.090796,5.000000
45.000000,-25.000000,0.158608,62.975006,5.000000
45.000000,-20.000000,0.159358,62.975006,5.000000
45.000000,-15.000000,0.159701,62.603582,5.000000
45.000000,-10.000000,0.159148,64.554307,5.000000
45.000000,-5.000000,0.158786,64.120273,5.000000
45.000000,0.000000,0.158229,68.194457,5.000000
45.000000,5.000000,0.159679,72.490161,5.000000
45.000000,10.000000,0.158392,72.901125,5.000000
45.000000,15.000000,0.158244,76.738703,5.000000
45.000000,20.000000,0.158930,70.226679,5.000000
45.000000,25.000000,0.158460,70.735387,5.000000
45.000000,30.000000,0.159475,66.960316,5.000000
45.000000,35.000000,0.158329,69.597263,5.000000
45.000000,40.000000,0.158266,70.942049,5.000000
45.000000,45.000000,0.158368,70.942049,5.000000
45.000000,50.000000,0.157119,64.816469,5.000000
45.000000,55.000000,0.157430,62.463615,5.000000
45.000000,60.000000,0.159338,58.299561,5.000000
45.000000,65.000000,0.156787,60.555915,5.000000
45.000000,70.000000,0.157136,61.807817,5.000000
45.000000,75.000000,0.156736,61.807817,5.000000
45.000000,80.000000,0.157112,62.763137,5.000000
45.000000,85.000000,0.156555,56.640675,5.000000
45.000000,90.000000,0.157399,54.337420,5.000000
45.000000,95.000000,0.157186,49.286376,5.000000
45.000000,100.000000,0.154910,48.905143,5.000000
45.000000,105.000000,0.157631,47.383344,5.000000
45.000000,110.000000,0.156752,51.135666,5.000000
45.000000,115.000000,0.155255,52.082031,5.000000
45.000000,120.000000,0.154396,52.597259,5.000000
45.000000,125.000000,0.152907,55.307253,5.000000
45.000000,130.000000,0.155211,60.354486,5.000000
45.000000,135.000000,0.154845,61.075076,5.000000
45.000000,140.000000,0.151755,54.844159,5.000000
45.000000,145.000000,0.152602,54.610124,5.000000
45.000000,150.000000,0.153045,54.610124,5.000000
45.000000,155.000000,0.152603,49.324215,5.000000
45.000000,160.000000,0.151639,49.324215,5.000000
45.000000,165.000000,0.151484,49.324215,5.000000
45.000000,170.000000,0.151550,49.324215,5.000000
45.000000,175.000000,0.153332,47.394131,5.000000
50.000000,-180.000000,0.151871,47.394131,5.000000
50.000000,-175.000000,0.152250,44.633443,5.000000
50.000000,-170.000000,0.153226,45.433212,5.000000
50.000000,-165.000000,0.152918,45.433212,5.000000
50.000000,-160.000000,0.153407,43.304056,5.000000
50.000000,-155.000000,0.154138,46.936549,5.000000
50.000000,-150.000000,0.153927,46.936549,5.000000
50.000000,-145.000000,0.154465,51.769499,5.000000
50.000000,-140.000000,0.155482,55.599989,5.000000
50.000000,-135.000000,0.156432,58.342891,5.000000
50.000000,-130.000000,0.156397,58.342891,5.000000
50.000000,-125.000000,0.157512,57.386124,5.000000
50.000000,-120.000000,0.155961,55.526058,5.000000
50.000000,-115.000000,0.156239,51.999765,5.000000
50.000000,-110.000000,0.155619,46.131252,5.000000
50.000000,-105.000000,0.156090,47.831457,5.000000
50.000000,-100.000000,0.154345,47.100620,5.000000
50.000000,-95.000000,0.154153,48.478108,5.000000
50.000000,-90.000000,0.154599,48.746084,5.000000
50.000000,-85.000000,0.154258,48.029969,5.000000
50.000000,-80.000000,0.153412,45.816881,5.000000
50.000000,-75.000000,0.154259,48.077833,5.000000
50.000000,-70.000000,0.153516,51.899392,5.000000
50.000000,-65.000000,0.153176,52.068598,5.000000
50.000000,-60.000000,0.155171,56.263579,5.000000
50.000000,-55.000000,0.154777,56.263579,5.000000
50.000000,-50.000000,0.153130,50.330234,5.000000
50.000000,-45.000000,0.153066,50.330234,5.000000
50.000000,-40.000000,0.152696,47.720193,5.000000
50.000000,-35.000000,0.155212,52.647110,5.000000
50.000000,-30.000000,0.153616,49.161482,5.000000
50.000000,-25.000000,0.155679,56.781004,5.000000
50.000000,-20.000000,0.158660,61.229590,5.000000
50.000000,-15.000000,0.157736,64.269227,5.000000
50.000000,-10.000000,0.157657,60.795556,5.000000
50.000000,-5.000000,0.157593,63.544733,5.000000
50.000000,0.000000,0.157088,57.932464,5.000000
50.000000,5.000000,0.157426,57.347732,5.000000
50.000000,10.000000,0.157236,56.363735,5.000000
50.000000,15.000000,0.157365,60.020033,5.000000
50.000000,20.000000,0.157151,64.490733,5.000000
50.000000,25.000000,0.156759,65.796239,5.000000
50.000000,30.000000,0.156451,64.776900,5.000000
50.000000,35.000000,0.157303,64.127714,5.000000
50.000000,40.000000,0.156916,58.497678,5.000000
50.000000,45.000000,0.156335,58.497678,5.000000
50.000000,50.000000,0.156972,56.825779,5.000000
50.000000,55.000000,0.155065,53.327359,5.000000
50.000000,60.000000,0.154178,49.854823,5.000000
50.000000,65.000000,0.154497,50.722188,5.000000
50.000000,70.000000,0.157265,60.434587,5.000000
50.000000,75.000000,0.157647,60.434587,5.000000
50.000000,80.000000,0.154703,55.409337,5.000000
50.000000,85.000000,0.154817,51.511042,5.000000
50.000000,90.000000,0.154655,50.514893,5.000000
50.000000,95.000000,0.155946,49.563803,5.000000
50.000000,100.000000,0.153817,48.415815,5.000000
50.000000,105.000000,0.154754,44.731561,5.000000
50.000000,110.000000,0.154781,45.755180,5.000000
50.000000,115.000000,0.152426,43.883026,5.000000
50.000000,120.000000,0.150809,45.374963,5.000000
50.000000,125.000000,0.152559,48.692137,5.000000
50.000000,130.000000,0.153231,54.123569,5.000000
50.000000,135.000000,0.152698,54.844159,5.000000
50.000000,140.000000,0.151911,54.844159,5.000000
50.000000,145.000000,0.150829,49.724026,5.000000
50.000000,150.000000,0.151561,49.708159,5.000000
50.000000,155.000000,0.152408,49.324215,5.000000
50.000000,160.000000,0.151842,49.324215,5.000000
50.000000,165.000000,0.151366,49.324215,5.000000
50.000000,170.000000,0.149917,46.143247,5.000000
50.000000,175.000000,0.153238,47.394131,5.000000
55.000000,-180.000000,0.151705,44.692311,5.000000
55.000000,-175.000000,0.151770,44.633443,5.000000
55.000000,-170.000000,0.152877,45.433212,5.000000
55.000000,-165.000000,0.152922,45.433212,5.000000
55.000000,-160.000000,0.153292,43.304056,5.000000
55.000000,-155.000000,0.153334,43.304056,5.000000
55.000000,-150.000000,0.153943,46.936549,5.000000
55.000000,-145.000000,0.153778,46.936549,5.000000
55.000000,-140.000000,0.155013,53.734528,5.000000
55.000000,-135.000000,0.154598,53.458188,5.000000
55.000000,-130.000000,0.154692,53.458188,5.000000
55.000000,-125.000000,0.155428,54.341024,5.000000
55.000000,-120.000000,0.153568,51.003285,5.000000
55.000000,-115.000000,0.155977,47.250975,5.000000
55.000000,-110.000000,0.155203,45.848424,5.000000
55.000000,-105.000000,0.152358,42.454190,5.000000
55.000000,-100.000000,0.154898,42.823244,5.000000
55.000000,-95.000000,0.150733,38.509643,5.000000
55.000000,-90.000000,0.153104,41.557461,5.000000
55.000000,-85.000000,0.150917,38.982343,5.000000
55.000000,-80.000000,0.151122,38.976513,5.000000
55.000000,-75.000000,0.152190,41.237465,5.000000
55.000000,-70.000000,0.151597,42.133221,5.000000
55.000000,-65.000000,0.153089,45.711302,5.000000
55.000000,-60.000000,0.152303,45.711302,5.000000
55.000000,-55.000000,0.152018,47.566223,5.000000
55.000000,-50.000000,0.152335,47.566223,5.000000
55.000000,-45.000000,0.152963,47.720193,5.000000
55.000000,-40.000000,0.153766,45.691849,5.000000
55.000000,-35.000000,0.153066,45.691849,5.000000
55.000000,-30.000000,0.154723,47.034947,5.000000
55.000000,-25.000000,0.153433,47.034947,5.000000
55.000000,-20.000000,0.156031,52.803874,5.000000
55.000000,-15.000000,0.155298,52.803874,5.000000
55.000000,-10.000000,0.156362,54.635805,5.000000
55.000000,-5.000000,0.155945,55.977953,5.000000
55.000000,0.000000,0.155956,53.456386,5.000000
55.000000,5.000000,0.155953,55.872069,5.000000
55.000000,10.000000,0.155842,55.782887,5.000000
55.000000,15.000000,0.155993,58.165880,5.000000
55.000000,20.000000,0.155934,58.808251,5.000000
55.000000,25.000000,0.155281,59.703996,5.000000
55.000000,30.000000,0.155658,59.309618,5.000000
55.000000,35.000000,0.154930,56.386462,5.000000
55.000000,40.000000,0.154932,54.484814,5.000000
55.000000,45.000000,0.155474,55.055930,5.000000
55.000000,50.000000,0.154790,53.369281,5.000000
55.000000,55.000000,0.154708,51.592073,5.000000
55.000000,60.000000,0.153498,49.375317,5.000000
55.000000,65.000000,0.154486,49.375317,5.000000
55.000000,70.000000,0.154620,48.596177,5.000000
55.000000,75.000000,0.152896,48.810233,5.000000
55.000000,80.000000,0.152364,49.271425,5.000000
55.000000,85.000000,0.154152,50.769778,5.000000
55.000000,90.000000,0.153313,48.057012,5.000000
55.000000,95.000000,0.153528,48.417044,5.000000
55.000000,100.000000,0.151210,47.189208,5.000000
55.000000,105.000000,0.151047,45.200563,5.000000
55.000000,110.000000,0.152082,44.093753,5.000000
55.000000,115.000000,0.150697,43.379607,5.000000
55.000000,120.000000,0.151961,42.948342,5.000000
55.000000,125.000000,0.151778,45.102901,5.000000
55.000000,130.000000,0.149165,42.194859,5.000000
55.000000,135.000000,0.151071,47.320096,5.000000
55.000000,140.000000,0.149080,46.307539,5.000000
55.000000,145.000000,0.149142,45.317341,5.000000
55.000000,150.000000,0.150894,47.342771,5.000000
55.000000,155.000000,0.150975,47.503647,5.000000
55.000000,160.000000,0.150081,46.143247,5.000000
55.000000,165.000000,0.149934,46.143247,5.000000
55.000000,170.000000,0.149994,46.143247,5.000000
55.000000,175.000000,0.153159,47.394131,5.000000
60.000000,-180.000000,0.152109,44.633443,5.000000
60.000000,-175.000000,0.152912,45.433212,5.000000
60.000000,-170.000000,0.151652,41.383596,5.000000
60.000000,-165.000000,0.151698,41.383596,5.000000
60.000000,-160.000000,0.151534,41.383596,5.000000
60.000000,-155.000000,0.153330,43.304056,5.000000
60.000000,-150.000000,0.153014,43.304056,5.000000
60.000000,-145.000000,0.152554,45.272482,5.000000
60.000000,-140.000000,0.152397,46.489193,5.000000
60.000000,-135.000000,0.153259,47.038947,5.000000
60.000000,-130.000000,0.153995,48.110558,5.000000
60.000000,-125.000000,0.154400,48.110558,5.000000
60.000000,-120.000000,0.154503,45.655654,5.000000
60.000000,-115.000000,0.152977,45.655654,5.000000
60.000000,-110.000000,0.150619,40.186874,5.000000
60.000000,-105.000000,0.153253,38.140589,5.000000
60.000000,-100.000000,0.149576,34.262975,5.000000
60.000000,-95.000000,0.150610,35.922430,5.000000
60.000000,-90.000000,0.151720,36.223459,5.000000
60.000000,-85.000000,0.149893,34.911121,5.000000
60.000000,-80.000000,0.150294,36.550316,5.000000
60.000000,-75.000000,0.149253,35.008989,5.000000
60.000000,-70.000000,0.151326,38.983477,5.000000
60.000000,-65.000000,0.151104,38.983477,5.000000
60.000000,-60.000000,0.151757,38.140679,5.000000
60.000000,-55.000000,0.151046,38.140679,5.000000
60.000000,-50.000000,0.150553,38.294649,5.000000
60.000000,-45.000000,0.153222,40.291635,5.000000
60.000000,-40.000000,0.152278,32.770758,5.000000
60.000000,-35.000000,0.151657,37.307045,5.000000
60.000000,-30.000000,0.153709,40.580723,5.000000
60.000000,-25.000000,0.152286,40.580723,5.000000
60.000000,-20.000000,0.154150,47.744039,5.000000
60.000000,-15.000000,0.155180,51.135277,5.000000
60.000000,-10.000000,0.155203,51.135277,5.000000
60.000000,-5.000000,0.155764,53.418030,5.000000
60.000000,0.000000,0.155482,50.225348,5.000000
60.000000,5.000000,0.155131,50.744245,5.000000
60.000000,10.000000,0.155300,51.476774,5.000000
60.000000,15.000000,0.154792,52.562447,5.000000
60.000000,20.000000,0.155298,54.410941,5.000000
60.000000,25.000000,0.154491,52.227054,5.000000
60.000000,30.000000,0.154377,52.710610,5.000000
60.000000,35.000000,0.154137,52.035389,5.000000
60.000000,40.000000,0.154817,52.872475,5.000000
60.000000,45.000000,0.154740,52.872475,5.000000
60.000000,50.000000,0.154478,52.022218,5.000000
60.000000,55.000000,0.153546,50.268146,5.000000
60.000000,60.000000,0.153179,48.328113,5.000000
60.000000,65.000000,0.152238,47.100427,5.000000
60.000000,70.000000,0.151657,46.656671,5.000000
60.000000,75.000000,0.150624,46.272871,5.000000
60.000000,80.000000,0.150419,45.771614,5.000000
60.000000,85.000000,0.150923,46.059680,5.000000
60.000000,90.000000,0.150118,44.442021,5.000000
60.000000,95.000000,0.151117,43.373658,5.000000
60.000000,100.000000,0.149805,43.434593,5.000000
60.000000,105.000000,0.151131,42.912450,5.000000
60.000000,110.000000,0.150127,41.884306,5.000000
60.000000,115.000000,0.148818,40.471748,5.000000
60.000000,120.000000,0.149590,40.722928,5.000000
60.000000,125.000000,0.147996,38.148483,5.000000
60.000000,130.000000,0.149415,40.585634,5.000000
60.000000,135.000000,0.149323,39.496122,5.000000
60.000000,140.000000,0.148701,38.429693,5.000000
60.000000,145.000000,0.149441,39.263766,5.000000
60.000000,150.000000,0.150073,41.055963,5.000000
60.000000,155.000000,0.148275,41.055963,5.000000
60.000000,160.000000,0.150204,45.078704,5.000000
60.000000,165.000000,0.151354,46.143247,5.000000
60.000000,170.000000,0.151405,46.143247,5.000000
60.000000,175.000000,0.150581,43.441427,5.000000
65.000000,-180.000000,0.150219,41.330253,5.000000
65.000000,-175.000000,0.152652,41.383596,5.000000
65.000000,-170.000000,0.152794,41.383596,5.000000
65.000000,-165.000000,0.152842,41.383596,5.000000
65.000000,-160.000000,0.152617,41.383596,5.000000
65.000000,-155.000000,0.150951,39.719529,5.000000
65.000000,-150.000000,0.150999,39.719529,5.000000
65.000000,-145.000000,0.151541,41.209093,5.000000
65.000000,-140.000000,0.152582,42.720394,5.000000
65.000000,-135.000000,0.153271,43.270148,5.000000
65.000000,-130.000000,0.152166,41.143723,5.000000
65.000000,-125.000000,0.152209,41.143723,5.000000
65.000000,-120.000000,0.149889,38.148945,5.000000
65.000000,-115.000000,0.151244,38.148945,5.000000
65.000000,-110.000000,0.151904,36.873393,5.000000
65.000000,-105.000000,0.150616,34.827109,5.000000
65.000000,-100.000000,0.149087,32.303933,5.000000
65.000000,-95.000000,0.150087,32.303933,5.000000
65.000000,-90.000000,0.149155,32.163419,5.000000
65.000000,-85.000000,0.149671,33.375625,5.000000
65.000000,-80.000000,0.149575,33.369795,5.000000
65.000000,-75.000000,0.149117,33.369795,5.000000
65.000000,-70.000000,0.150601,33.803757,5.000000
65.000000,-65.000000,0.149531,33.803757,5.000000
65.000000,-60.000000,0.149409,34.166191,5.000000
65.000000,-55.000000,0.150795,35.855656,5.000000
65.000000,-50.000000,0.150497,30.773771,5.000000
65.000000,-45.000000,0.152907,32.770758,5.000000
65.000000,-40.000000,0.152852,32.770758,5.000000
65.000000,-35.000000,0.151714,33.295779,5.000000
65.000000,-30.000000,0.152190,33.295779,5.000000
65.000000,-25.000000,0.153681,40.121641,5.000000
65.000000,-20.000000,0.152760,40.121641,5.000000
65.000000,-15.000000,0.153915,41.100715,5.000000
65.000000,-10.000000,0.152909,41.100715,5.000000
65.000000,-5.000000,0.154310,45.191520,5.000000
65.000000,0.000000,0.154087,46.515854,5.000000
65.000000,5.000000,0.154027,46.515854,5.000000
65.000000,10.000000,0.154108,47.515286,5.000000
65.000000,15.000000,0.153425,49.585471,5.000000
65.000000,20.000000,0.153841,49.585471,5.000000
65.000000,25.000000,0.153866,47.313872,5.000000
65.000000,30.000000,0.153679,47.426843,5.000000
65.000000,35.000000,0.153443,48.328365,5.000000
65.000000,40.000000,0.153036,48.328365,5.000000
65.000000,45.000000,0.152980,48.328365,5.000000
65.000000,50.000000,0.151849,45.701537,5.000000
65.000000,55.000000,0.152115,43.607931,5.000000
65.000000,60.000000,0.152069,44.292385,5.000000
65.000000,65.000000,0.151164,44.292385,5.000000
65.000000,70.000000,0.150540,42.454867,5.000000
65.000000,75.000000,0.149583,42.493032,5.000000
65.000000,80.000000,0.150659,42.493032,5.000000
65.000000,85.000000,0.150325,42.100952,5.000000
65.000000,90.000000,0.149237,40.995463,5.000000
65.000000,95.000000,0.149226,40.995463,5.000000
65.000000,100.000000,0.148635,40.995463,5.000000
65.000000,105.000000,0.150055,42.052731,5.000000
65.000000,110.000000,0.149725,41.884306,5.000000
65.000000,115.000000,0.148301,38.436034,5.000000
65.000000,120.000000,0.148333,36.309381,5.000000
65.000000,125.000000,0.147162,35.219868,5.000000
65.000000,130.000000,0.147965,35.219868,5.000000
65.000000,135.000000,0.147237,36.037265,5.000000
65.000000,140.000000,0.148202,36.809938,5.000000
65.000000,145.000000,0.147852,36.809938,5.000000
65.000000,150.000000,0.147586,36.809938,5.000000
65.000000,155.000000,0.148925,38.602135,5.000000
65.000000,160.000000,0.151180,43.020730,5.000000
65.000000,165.000000,0.149990,43.020730,5.000000
65.000000,170.000000,0.149291,41.383453,5.000000
65.000000,175.000000,0.150547,41.356578,5.000000
70.000000,-180.000000,0.151634,40.132712,5.000000
70.000000,-175.000000,0.151355,39.719529,5.000000
70.000000,-170.000000,0.151405,39.719529,5.000000
70.000000,-165.000000,0.151456,39.719529,5.000000
70.000000,-160.000000,0.152105,39.719529,5.000000
70.000000,-155.000000,0.152157,39.719529,5.000000
70.000000,-150.000000,0.152423,39.719529,5.000000
70.000000,-145.000000,0.152283,40.799933,5.000000
70.000000,-140.000000,0.152659,39.868319,5.000000
70.000000,-135.000000,0.149755,36.768020,5.000000
70.000000,-130.000000,0.151838,36.768020,5.000000
70.000000,-125.000000,0.150992,35.298217,5.000000
70.000000,-120.000000,0.149845,34.103406,5.000000
70.000000,-115.000000,0.148087,32.396795,5.000000
70.000000,-110.000000,0.150202,32.396795,5.000000
70.000000,-105.000000,0.149551,31.090329,5.000000
70.000000,-100.000000,0.146880,27.846974,5.000000
70.000000,-95.000000,0.146971,27.846974,5.000000
70.000000,-90.000000,0.146979,27.846974,5.000000
70.000000,-85.000000,0.148609,29.716916,5.000000
70.000000,-80.000000,0.147914,29.716916,5.000000
70.000000,-75.000000,0.148800,30.244235,5.000000
70.000000,-70.000000,0.147768,26.666932,5.000000
70.000000,-65.000000,0.147825,26.666932,5.000000
70.000000,-60.000000,0.150592,28.814325,5.000000
70.000000,-55.000000,0.149029,28.814325,5.000000
70.000000,-50.000000,0.151363,30.613906,5.000000
70.000000,-45.000000,0.151831,30.613906,5.000000
70.000000,-40.000000,0.149777,28.353287,5.000000
70.000000,-35.000000,0.152638,31.801209,5.000000
70.000000,-30.000000,0.152652,32.836697,5.000000
70.000000,-25.000000,0.152359,32.836697,5.000000
70.000000,-20.000000,0.150890,30.846059,5.000000
70.000000,-15.000000,0.150774,30.846059,5.000000
70.000000,-10.000000,0.153345,38.131002,5.000000
70.000000,-5.000000,0.153196,38.131002,5.000000
70.000000,0.000000,0.153094,37.652792,5.000000
70.000000,5.000000,0.153536,41.941743,5.000000
70.000000,10.000000,0.153768,45.121777,5.000000
70.000000,15.000000,0.153071,44.761120,5.000000
70.000000,20.000000,0.153784,47.313872,5.000000
70.000000,25.000000,0.153474,47.844809,5.000000
70.000000,30.000000,0.152527,44.718240,5.000000
70.000000,35.000000,0.152474,44.718240,5.000000
70.000000,40.000000,0.152768,44.718240,5.000000
70.000000,45.000000,0.151074,42.932131,5.000000
70.000000,50.000000,0.151931,42.932131,5.000000
70.000000,55.000000,0.151659,41.678201,5.000000
70.000000,60.000000,0.149188,38.793612,5.000000
70.000000,65.000000,0.150051,38.793612,5.000000
70.000000,70.000000,0.148859,38.143475,5.000000
70.000000,75.000000,0.149206,38.143475,5.000000
70.000000,80.000000,0.149316,38.143475,5.000000
70.000000,85.000000,0.148618,38.511265,5.000000
70.000000,90.000000,0.149022,39.391870,5.000000
70.000000,95.000000,0.146934,36.258980,5.000000
70.000000,100.000000,0.146843,36.258980,5.000000
70.000000,105.000000,0.146760,36.274652,5.000000
70.000000,110.000000,0.146320,34.620861,5.000000
70.000000,115.000000,0.147039,34.620861,5.000000
70.000000,120.000000,0.147446,34.176430,5.000000
70.000000,125.000000,0.146511,33.502877,5.000000
70.000000,130.000000,0.146222,33.502877,5.000000
70.000000,135.000000,0.147447,34.676865,5.000000
70.000000,140.000000,0.147430,34.676865,5.000000
70.000000,145.000000,0.147465,34.676865,5.000000
70.000000,150.000000,0.147912,36.484930,5.000000
70.000000,155.000000,0.147903,36.484930,5.000000
70.000000,160.000000,0.147952,36.484930,5.000000
70.000000,165.000000,0.149620,34.847653,5.000000
70.000000,170.000000,0.147461,34.912552,5.000000
70.000000,175.000000,0.149136,37.307512,5.000000
75.000000,-180.000000,0.149287,37.215737,5.000000
75.000000,-175.000000,0.148953,36.802554,5.000000
75.000000,-170.000000,0.152031,39.719529,5.000000
75.000000,-165.000000,0.152083,39.719529,5.000000
75.000000,-160.000000,0.152203,39.719529,5.000000
75.000000,-155.000000,0.151127,38.378755,5.000000
75.000000,-150.000000,0.151180,38.378755,5.000000
75.000000,-145.000000,0.151728,38.378755,5.000000
75.000000,-140.000000,0.147653,33.377756,5.000000
75.000000,-135.000000,0.147702,33.377756,5.000000
75.000000,-130.000000,0.149441,33.377756,5.000000
75.000000,-125.000000,0.149109,31.645702,5.000000
75.000000,-120.000000,0.149368,31.645702,5.000000
75.000000,-115.000000,0.149960,31.645702,5.000000
75.000000,-110.000000,0.148136,29.122526,5.000000
75.000000,-105.000000,0.146704,26.756913,5.000000
75.000000,-100.000000,0.146823,26.756913,5.000000
75.000000,-95.000000,0.146854,26.756913,5.000000
75.000000,-90.000000,0.146841,26.756913,5.000000
75.000000,-85.000000,0.146865,26.756913,5.000000
75.000000,-80.000000,0.147138,26.756913,5.000000
75.000000,-75.000000,0.149079,27.284231,5.000000
75.000000,-70.000000,0.149092,27.284231,5.000000
75.000000,-65.000000,0.146850,23.737842,5.000000
75.000000,-60.000000,0.147578,24.195770,5.000000
75.000000,-55.000000,0.147951,23.894597,5.000000
75.000000,-50.000000,0.147056,23.894597,5.000000
75.000000,-45.000000,0.148347,25.604674,5.000000
75.000000,-40.000000,0.148331,25.604674,5.000000
75.000000,-35.000000,0.151627,28.164186,5.000000
75.000000,-30.000000,0.151132,28.164186,5.000000
75.000000,-25.000000,0.148993,26.640162,5.000000
75.000000,-20.000000,0.148906,26.640162,5.000000
75.000000,-15.000000,0.152174,30.846059,5.000000
75.000000,-10.000000,0.152154,30.846059,5.000000
75.000000,-5.000000,0.151420,29.884543,5.000000
75.000000,0.000000,0.151391,29.884543,5.000000
75.000000,5.000000,0.151879,37.600865,5.000000
75.000000,10.000000,0.151662,37.600865,5.000000
75.000000,15.000000,0.149846,36.898194,5.000000
75.000000,20.000000,0.150177,37.955481,5.000000
75.000000,25.000000,0.151272,38.543882,5.000000
75.000000,30.000000,0.151305,40.421413,5.000000
75.000000,35.000000,0.152005,40.421413,5.000000
75.000000,40.000000,0.151946,40.421413,5.000000
75.000000,45.000000,0.150738,37.974821,5.000000
75.000000,50.000000,0.150028,38.587532,5.000000
75.000000,55.000000,0.150556,38.587532,5.000000
75.000000,60.000000,0.148377,36.134015,5.000000
75.000000,65.000000,0.148253,36.134015,5.000000
75.000000,70.000000,0.146862,33.881730,5.000000
75.000000,75.000000,0.146982,33.881730,5.000000
75.000000,80.000000,0.148124,33.881730,5.000000
75.000000,85.000000,0.147873,34.833903,5.000000
75.000000,90.000000,0.147817,34.833903,5.000000
75.000000,95.000000,0.147767,34.833903,5.000000
75.000000,100.000000,0.147747,35.493652,5.000000
75.000000,105.000000,0.147712,35.493652,5.000000
75.000000,110.000000,0.146392,33.839861,5.000000
75.000000,115.000000,0.146768,33.839861,5.000000
75.000000,120.000000,0.146969,33.839861,5.000000
75.000000,125.000000,0.146972,33.839861,5.000000
75.000000,130.000000,0.146882,33.502877,5.000000
75.000000,135.000000,0.146871,33.502877,5.000000
75.000000,140.000000,0.147005,33.950541,5.000000
75.000000,145.000000,0.147046,33.950541,5.000000
75.000000,150.000000,0.147095,33.950541,5.000000
75.000000,155.000000,0.146983,33.950541,5.000000
75.000000,160.000000,0.147290,33.923666,5.000000
75.000000,165.000000,0.146829,33.923666,5.000000
75.000000,170.000000,0.147670,34.820777,5.000000
75.000000,175.000000,0.147407,34.820777,5.000000
80.000000,-180.000000,0.145806,29.781794,5.000000
80.000000,-175.000000,0.146545,29.781794,5.000000
80.000000,-170.000000,0.147480,30.141284,5.000000
80.000000,-165.000000,0.147038,29.137696,5.000000
80.000000,-160.000000,0.147104,29.137696,5.000000
80.000000,-155.000000,0.147167,29.137696,5.000000
80.000000,-150.000000,0.147228,29.137696,5.000000
80.000000,-145.000000,0.148557,29.137696,5.000000
80.000000,-140.000000,0.148609,29.137696,5.000000
80.000000,-135.000000,0.148927,29.137696,5.000000
80.000000,-130.000000,0.149468,29.137696,5.000000
80.000000,-125.000000,0.149513,29.137696,5.000000
80.000000,-120.000000,0.148812,28.063378,5.000000
80.000000,-115.000000,0.148852,28.063378,5.000000
80.000000,-110.000000,0.148890,28.063378,5.000000
80.000000,-105.000000,0.147171,26.756913,5.000000
80.000000,-100.000000,0.147207,26.756913,5.000000
80.000000,-95.000000,0.147239,26.756913,5.000000
80.000000,-90.000000,0.147188,26.756913,5.000000
80.000000,-85.000000,0.147212,26.756913,5.000000
80.000000,-80.000000,0.146794,23.272966,5.000000
80.000000,-75.000000,0.147347,22.971793,5.000000
80.000000,-70.000000,0.147357,22.971793,5.000000
80.000000,-65.000000,0.147363,22.971793,5.000000
80.000000,-60.000000,0.146744,22.971793,5.000000
80.000000,-55.000000,0.146741,22.971793,5.000000
80.000000,-50.000000,0.146733,22.971793,5.000000
80.000000,-45.000000,0.148814,24.419619,5.000000
80.000000,-40.000000,0.148829,24.419619,5.000000
80.000000,-35.000000,0.148815,24.419619,5.000000
80.000000,-30.000000,0.148797,24.419619,5.000000
80.000000,-25.000000,0.151017,26.640162,5.000000
80.000000,-20.000000,0.150437,26.640162,5.000000
80.000000,-15.000000,0.150413,26.640162,5.000000
80.000000,-10.000000,0.150360,26.640162,5.000000
80.000000,-5.000000,0.149841,30.473778,5.000000
80.000000,0.000000,0.149804,30.473778,5.000000
80.000000,5.000000,0.149504,30.473778,5.000000
80.000000,10.000000,0.149459,30.473778,5.000000
80.000000,15.000000,0.149196,30.828395,5.000000
80.000000,20.000000,0.148512,30.828395,5.000000
80.000000,25.000000,0.148452,30.828395,5.000000
80.000000,30.000000,0.150304,33.503715,5.000000
80.000000,35.000000,0.147171,31.864142,5.000000
80.000000,40.000000,0.147091,31.864142,5.000000
80.000000,45.000000,0.147337,31.864142,5.000000
80.000000,50.000000,0.147263,31.864142,5.000000
80.000000,55.000000,0.147434,33.881730,5.000000
80.000000,60.000000,0.147355,33.881730,5.000000
80.000000,65.000000,0.147879,33.881730,5.000000
80.000000,70.000000,0.147806,33.881730,5.000000
80.000000,75.000000,0.147830,33.881730,5.000000
80.000000,80.000000,0.147765,33.881730,5.000000
80.000000,85.000000,0.147705,33.881730,5.000000
80.000000,90.000000,0.148145,33.881730,5.000000
80.000000,95.000000,0.146568,33.484191,5.000000
80.000000,100.000000,0.146852,33.484191,5.000000
80.000000,105.000000,0.146822,33.484191,5.000000
80.000000,110.000000,0.146802,33.484191,5.000000
80.000000,115.000000,0.146931,33.484191,5.000000
80.000000,120.000000,0.145998,32.410673,5.000000
80.000000,125.000000,0.146008,32.410673,5.000000
80.000000,130.000000,0.146326,32.410673,5.000000
80.000000,135.000000,0.146358,32.410673,5.000000
80.000000,140.000000,0.146560,32.410673,5.000000
80.000000,145.000000,0.146612,32.410673,5.000000
80.000000,150.000000,0.147913,32.491244,5.000000
80.000000,155.000000,0.147198,32.491244,5.000000
80.000000,160.000000,0.146722,32.491244,5.000000
80.000000,165.000000,0.146794,32.491244,5.000000
80.000000,170.000000,0.145983,31.144870,5.000000
80.000000,175.000000,0.145729,29.781794,5.000000
85.000000,-180.000000,0.148071,29.122045,5.000000
85.000000,-175.000000,0.148141,29.122045,5.000000
85.000000,-170.000000,0.148210,29.122045,5.000000
85.000000,-165.000000,0.148277,29.122045,5.000000
85.000000,-160.000000,0.148261,29.122045,5.000000
85.000000,-155.000000,0.147598,28.118457,5.000000
85.000000,-150.000000,0.147661,28.118457,5.000000
85.000000,-145.000000,0.147720,28.118457,5.000000
85.000000,-140.000000,0.147777,28.118457,5.000000
85.000000,-135.000000,0.147830,28.118457,5.000000
85.000000,-130.000000,0.148583,28.118457,5.000000
85.000000,-125.000000,0.148630,28.118457,5.000000
85.000000,-120.000000,0.148674,28.118457,5.000000
85.000000,-115.000000,0.147552,26.805409,5.000000
85.000000,-110.000000,0.147445,26.805409,5.000000
85.000000,-105.000000,0.147479,26.805409,5.000000
85.000000,-100.000000,0.147511,26.805409,5.000000
85.000000,-95.000000,0.147538,26.805409,5.000000
85.000000,-90.000000,0.147562,26.805409,5.000000
85.000000,-85.000000,0.147582,26.805409,5.000000
85.000000,-80.000000,0.147597,26.805409,5.000000
85.000000,-75.000000,0.147609,26.805409,5.000000
85.000000,-70.000000,0.147326,26.805409,5.000000
85.000000,-65.000000,0.147328,26.805409,5.000000
85.000000,-60.000000,0.147326,26.805409,5.000000
85.000000,-55.000000,0.147320,26.805409,5.000000
85.000000,-50.000000,0.146873,26.805409,5.000000
85.000000,-45.000000,0.147373,23.716948,5.000000
85.000000,-40.000000,0.147354,23.716948,5.000000
85.000000,-35.000000,0.147331,23.716948,5.000000
85.000000,-30.000000,0.147304,23.716948,5.000000
85.000000,-25.000000,0.146960,23.716948,5.000000
85.000000,-20.000000,0.146923,23.716948,5.000000
85.000000,-15.000000,0.146392,23.716948,5.000000
85.000000,-10.000000,0.146345,23.716948,5.000000
85.000000,-5.000000,0.146374,23.716948,5.000000
85.000000,0.000000,0.146319,23.716948,5.000000
85.000000,5.000000,0.146614,27.808997,5.000000
85.000000,10.000000,0.146552,27.808997,5.000000
85.000000,15.000000,0.146487,27.808997,5.000000
85.000000,20.000000,0.146419,27.808997,5.000000
85.000000,25.000000,0.146007,27.808997,5.000000
85.000000,30.000000,0.145933,27.808997,5.000000
85.000000,35.000000,0.148295,29.873690,5.000000
85.000000,40.000000,0.148371,29.873690,5.000000
85.000000,45.000000,0.148296,29.873690,5.000000
85.000000,50.000000,0.147042,29.460480,5.000000
85.000000,55.000000,0.148128,31.106167,5.000000
85.000000,60.000000,0.148051,31.106167,5.000000
85.000000,65.000000,0.147976,31.106167,5.000000
85.000000,70.000000,0.147904,31.106167,5.000000
85.000000,75.000000,0.147543,31.106167,5.000000
85.000000,80.000000,0.147480,31.106167,5.000000
85.000000,85.000000,0.147424,31.106167,5.000000
85.000000,90.000000,0.147374,31.106167,5.000000
85.000000,95.000000,0.147333,31.106167,5.000000
85.000000,100.000000,0.145734,30.708628,5.000000
85.000000,105.000000,0.145710,30.708628,5.000000
85.000000,110.000000,0.145696,30.708628,5.000000
85.000000,115.000000,0.145981,30.708628,5.000000
85.000000,120.000000,0.145988,30.708628,5.000000
85.000000,125.000000,0.146005,30.708628,5.000000
85.000000,130.000000,0.146267,30.708628,5.000000
85.000000,135.000000,0.146305,30.708628,5.000000
85.000000,140.000000,0.145042,29.057146,5.000000
85.000000,145.000000,0.145096,29.057146,5.000000
85.000000,150.000000,0.145612,29.057146,5.000000
85.000000,155.000000,0.145679,29.057146,5.000000
85.000000,160.000000,0.145751,29.057146,5.000000
85.000000,165.000000,0.145926,29.057146,5.000000
85.000000,170.000000,0.147618,29.122045,5.000000
85.000000,175.000000,0.147927,29.122045,5.000000
